"","baseMean","log2FoldChange","lfcSE","stat","pvalue","padj"
"ENSG00000002834",7168.82575403564,-0.398577027515813,0.102371469003081,-3.89343858593859,9.88332318449876e-05,0.00153323506998255
"ENSG00000003096",377.977300973334,0.920204124263572,0.186973554304078,4.92157368291254,8.58510675933967e-07,2.42852677507348e-05
"ENSG00000003402",2546.61419680864,-1.18342545241097,0.163559231941422,-7.23545493803006,4.6397117738149e-13,5.5631640849258e-11
"ENSG00000003987",25.5043187098086,-0.988022127426806,0.326515195905993,-3.02596062852544,0.00247844572952862,0.021976103951951
"ENSG00000004059",1225.35425318088,-0.369205502311206,0.1041105556575,-3.54628308320442,0.000390706253263552,0.00492289879112076
"ENSG00000004487",1237.79987702344,0.298900502409851,0.082906622982579,3.60526688528441,0.000311832297914804,0.0040555013132876
"ENSG00000004700",1035.33054232716,-0.366665403657825,0.116614466781058,-3.14425314267599,0.001665113312674,0.0159680758080734
"ENSG00000004799",914.379014067714,-2.5440316434074,0.901187392370752,-2.82297740175305,0.00475799252070841,0.0362110118744331
"ENSG00000004846",17.9991680687101,1.88140579346498,0.699285278742336,2.69046961327241,0.00713515327206848,0.0493880162239824
"ENSG00000004866",412.129049598094,0.58219813424584,0.17817395309375,3.26758274224013,0.00108470154417718,0.0113829351770372
"ENSG00000005007",2261.97159931419,-0.241512688686792,0.08407016474127,-2.87275146218708,0.00406914098880553,0.0320852716491093
"ENSG00000005100",485.155503010875,-0.371204801079667,0.132311659007556,-2.80553357023866,0.00502333484470328,0.0377321878703535
"ENSG00000005249",298.031602932061,-0.64709432042849,0.215905729157875,-2.99711509718819,0.00272547790572757,0.0236585739738192
"ENSG00000005471",33.6639882396994,1.21874995774277,0.434357059767742,2.80587118439942,0.00501807485288024,0.0377269098465935
"ENSG00000005812",1409.31948532894,-0.473648449143803,0.166875370896285,-2.83833645791973,0.0045349351950795,0.0348759621651595
"ENSG00000006025",160.284813182945,0.929615391135608,0.250706646794331,3.70798063402852,0.000208918629100317,0.00290190786384857
"ENSG00000006114",995.873717984987,0.514658324372859,0.102141243545997,5.03869256439094,4.68722682683825e-07,1.42340049962073e-05
"ENSG00000006451",1095.51669885864,0.580354497381907,0.191775283915268,3.02622155229515,0.0024763078310625,0.0219676281815258
"ENSG00000006607",877.94200094218,-0.598070565154203,0.173932248246576,-3.43852604208476,0.000584890277229606,0.00683659484422153
"ENSG00000006788",10.2533800835302,-3.16906966991617,1.06635566731604,-2.97186929937977,0.00295992659937975,0.0251188291550104
"ENSG00000006831",1093.98214371166,-0.241058056414207,0.0815995854746252,-2.95415785524019,0.00313523590376872,0.0262604141510163
"ENSG00000007866",1619.47548903829,-0.596709338421384,0.161887800553698,-3.68594382269995,0.000227856613512707,0.00312294628475933
"ENSG00000007944",339.643688264593,0.500203233841199,0.145787580316682,3.43104146975106,0.00060126867543794,0.00700600522446026
"ENSG00000008083",301.247719397731,-0.451953294827119,0.140198275749946,-3.22367227706288,0.0012655814669731,0.0128159687382099
"ENSG00000008130",1664.47375702091,-0.79398939253865,0.145234567872704,-5.46694498540161,4.57858079054559e-08,1.8299553546729e-06
"ENSG00000008256",3716.57738197619,-1.20460599147233,0.204365614830191,-5.89436727148665,3.76119777328753e-09,1.92567109136498e-07
"ENSG00000008311",721.942089206498,-1.10777081477771,0.169625823468478,-6.53067317302408,6.54747343262275e-11,5.00760468087629e-09
"ENSG00000008513",1568.49022726857,0.57594198584857,0.214489917436172,2.6851704393982,0.00724928278681463,0.0499547351104746
"ENSG00000008710",5426.4748906373,-0.491574442859726,0.179460599143039,-2.73917754207383,0.00615931020561199,0.0441120540159147
"ENSG00000008853",558.505610561996,-0.56690321528632,0.175620442479931,-3.22800243115833,0.00124657914679161,0.0126889087916065
"ENSG00000009335",2101.66872676796,-0.20757960585977,0.0746319579724708,-2.78137692617335,0.00541288502220973,0.0399717176782582
"ENSG00000009413",7584.98097699963,-1.12006249769771,0.168388072372896,-6.65167361270889,2.89778760446746e-11,2.43689514158497e-09
"ENSG00000009780",174.392845904975,-0.587181816207138,0.20723621063597,-2.83339390546268,0.00460565936068468,0.0352973934920927
"ENSG00000010017",1856.34455429236,-0.73704083428978,0.159663273157967,-4.61622024722349,3.90792206159353e-06,9.38355704324492e-05
"ENSG00000010256",1795.21830004503,-0.469999351127251,0.111330566559866,-4.22165597149386,2.42514056251961e-05,0.000463695857555832
"ENSG00000010278",3881.37270015337,-0.569682714795425,0.20949218092261,-2.71935072844497,0.00654102107481346,0.0462751719358234
"ENSG00000010818",1411.20251251096,0.348979302165754,0.120590017258194,2.89393193649319,0.0038045062095242,0.0303984298813444
"ENSG00000011198",1159.4037990956,-1.08961551650909,0.202040001347851,-5.39306825004967,6.92646284296383e-08,2.61239750065132e-06
"ENSG00000011304",3588.89945478115,-0.347137109421295,0.1201637780852,-2.8888664700203,0.00386633217006534,0.0308393920088688
"ENSG00000011347",148.300234191735,0.935525429775917,0.230103395012817,4.06567417105604,4.78938102508469e-05,0.000822649226905721
"ENSG00000011454",2319.16725007544,-0.447738793248926,0.157862817811405,-2.8362523832802,0.00456463588652175,0.0350303224599268
"ENSG00000011478",141.609713043936,-0.687432177646707,0.163432488444072,-4.20621495879597,2.59683247376151e-05,0.000489473950556366
"ENSG00000011485",966.624110056938,-0.551724387041604,0.111069822819541,-4.96736532962703,6.78686582550543e-07,1.96776757202837e-05
"ENSG00000011566",1396.12427396555,-0.818792772038105,0.17726293192913,-4.61908625298751,3.85433622812286e-06,9.27388517691606e-05
"ENSG00000012048",221.111604295128,1.20941801135662,0.173675340514594,6.96367145602338,3.31517245235143e-12,3.3668021872651e-10
"ENSG00000012171",1267.55265196041,0.749463652083703,0.189118805188135,3.9629250583417,7.40370278361321e-05,0.00119338955970036
"ENSG00000012822",6054.74994366009,-0.420401412663247,0.147347634159472,-2.85312631628856,0.00432914097136505,0.0336640522815144
"ENSG00000013293",244.497326184804,2.83699734323597,0.359835831493824,7.88414353139444,3.16700100747386e-15,4.70869709791213e-13
"ENSG00000013297",3431.57264316715,1.71612064413964,0.263217435264914,6.51978332063171,7.040902766469e-11,5.36291712765682e-09
"ENSG00000013523",345.192888791628,0.30731066406451,0.11384958079079,2.69926917543266,0.00694919439281219,0.0483801657882142
"ENSG00000013561",887.466394445014,-0.316493070151478,0.111815143174284,-2.83050274915058,0.00464749117830573,0.0355842345959917
"ENSG00000013583",1388.11952782407,-0.39423378230313,0.139791731327893,-2.82015093853028,0.0048001065215044,0.0364568776878461
"ENSG00000013619",1098.19724233404,-0.34830807673643,0.129510350722957,-2.68942269704386,0.00715757225315638,0.0494643951294138
"ENSG00000014216",3449.7740320896,-0.26644906918337,0.0821342021329271,-3.24406961124606,0.00117834944847252,0.0121126241702775
"ENSG00000015520",17.5128244945455,2.56025174755759,0.717952598460943,3.56604565962423,0.000362408257235838,0.00459751362507034
"ENSG00000016391",92.1114413835648,2.0430772113086,0.453204339117948,4.50807071989856,6.54197723750694e-06,0.000146485116818152
"ENSG00000017483",445.787471591791,0.958693705337223,0.26668039253561,3.59491635744914,0.000324495812511246,0.00419511389392666
"ENSG00000017797",3342.94394079639,-0.565249347930878,0.10293275815,-5.49144274466209,3.98663567411419e-08,1.61068747833505e-06
"ENSG00000018189",992.70381375789,0.31071065533339,0.106681585222387,2.91250504654283,0.00358542406891492,0.0291492153634225
"ENSG00000019144",2982.95073834048,-0.36523250563193,0.134337331605697,-2.71877147823622,0.00655248604847002,0.0463183909169294
"ENSG00000019186",14.0876049307722,4.42927043190447,1.03556412184192,4.27715709581198,1.89295222272335e-05,0.000374659393602912
"ENSG00000019991",1197.69034090821,0.980644881284035,0.223792891970747,4.38193042079378,1.17632379235085e-05,0.000248334359503891
"ENSG00000019995",2078.38755449834,-0.920560398782301,0.113390275699448,-8.11851274815082,4.71931146677143e-16,7.83110746517385e-14
"ENSG00000020129",1036.83841336722,0.495405339869694,0.154001951696594,3.21687702273873,0.00129594134754743,0.0130826018164959
"ENSG00000020577",3105.00555637675,-1.2070918975955,0.148006476790451,-8.15566942590296,3.47251055811104e-16,6.03145875911156e-14
"ENSG00000021355",621.897934398472,-0.59146837205801,0.100833119625287,-5.86581446905548,4.46933328775727e-09,2.2268782614737e-07
"ENSG00000021645",35.9587320894996,-1.86912760347912,0.629659691394441,-2.96847269886335,0.00299283687334736,0.0252826696778003
"ENSG00000022267",10395.0649374008,-0.509109861004575,0.178327913550779,-2.85490841488259,0.00430492411425156,0.0335037749846588
"ENSG00000022840",2666.0811750617,-0.275893943416549,0.0819574568137213,-3.3663067906514,0.000761819291798763,0.00852916357715663
"ENSG00000023608",233.123400185064,-0.731422588408943,0.22154866548777,-3.3014082337107,0.000962007982638719,0.0103048520791588
"ENSG00000023697",480.854784489581,-0.318138989044469,0.10517306096261,-3.02490947903068,0.0024870755179803,0.0220305259593058
"ENSG00000023909",1927.71101011188,-1.24616569764794,0.200068991093875,-6.2286798710512,4.70381830755828e-10,2.99385148102639e-08
"ENSG00000025423",169.20409821807,2.18449368646268,0.506200875256233,4.31546801525563,1.59265112146085e-05,0.000322785399044164
"ENSG00000025708",144.696532500223,-1.27466218651627,0.312204435867532,-4.08278051198834,4.45000480158388e-05,0.000775101586105309
"ENSG00000026950",733.925100832699,0.88535021852845,0.139585958001025,6.34268827042009,2.25790015856559e-10,1.53710895410042e-08
"ENSG00000027697",1439.34263801554,-0.403417658464254,0.137256039911349,-2.93916142943374,0.00329101614213646,0.0273051495542884
"ENSG00000028137",518.90384690796,-0.809575454668854,0.215137231968002,-3.7630653107467,0.000167843345697736,0.00240136149329671
"ENSG00000028277",34.4574837048717,2.01643603697075,0.519569582778533,3.88097399040825,0.000104038968254868,0.00160595035300392
"ENSG00000031081",329.249628016212,0.682364932756421,0.218632081285225,3.12106498161272,0.00180198266244056,0.0169912977074875
"ENSG00000031698",2847.44870718974,0.534425629357988,0.0946822903431357,5.64440960839867,1.65749034903279e-08,7.36948759252975e-07
"ENSG00000031823",1526.65531808186,0.393608345578129,0.11720840535154,3.35819213986907,0.000784540587736284,0.00873618143983153
"ENSG00000032742",221.768456424455,0.641752401172632,0.14366318198923,4.46706241840546,7.93009976527758e-06,0.000174209106545726
"ENSG00000033327",1291.54212703806,-0.379113955794384,0.128131595704386,-2.95878587720895,0.00308853621767838,0.025961305113321
"ENSG00000033867",2313.67894079298,0.929065960096333,0.154100046721243,6.02897909419167,1.64998627591616e-09,9.29242270845508e-08
"ENSG00000034152",1144.90078631016,-0.84621612850004,0.216647601048884,-3.905956606042,9.38533546415527e-05,0.00146947312216787
"ENSG00000034533",105.286685658741,0.66896748001375,0.192792255564869,3.46988771957523,0.000520675975682259,0.00622700322268648
"ENSG00000034713",1399.28597316228,-0.369855879779491,0.0883810343754275,-4.18478786080288,2.85432534320789e-05,0.000532072582783537
"ENSG00000035115",464.17807490012,0.463039877617099,0.11407000181965,4.05926071912567,4.92283243760966e-05,0.000843233556248623
"ENSG00000035403",16756.3935853298,-0.842407645289757,0.198393403831605,-4.24614744754713,2.17477542778416e-05,0.000422784532692141
"ENSG00000035664",633.042902717231,-1.56942979659476,0.441800461641179,-3.55234983405115,0.000381806876645665,0.0048304157947309
"ENSG00000035681",1037.24201080533,0.33604435607942,0.0906763057399373,3.70597757966901,0.000210576927808937,0.00292061214873948
"ENSG00000037637",628.295033432323,-0.364985907805289,0.124425538549317,-2.93336811767645,0.00335306072973232,0.0277047820325711
"ENSG00000038274",1701.28343342274,-0.528633676234417,0.130871625877642,-4.03932993641159,5.36041176760326e-05,0.000906490015476856
"ENSG00000039560",5050.92218159088,-0.534813173257714,0.186194643005849,-2.87233383637634,0.00407452290190709,0.0321035734917525
"ENSG00000040731",72.2700084929553,1.82450183976671,0.676874492401714,2.69548027034219,0.00702872401556166,0.0488332096557807
"ENSG00000041515",10.1316966637824,-1.73918693417164,0.527998078477263,-3.29392663546697,0.000987982816474661,0.0105389583392309
"ENSG00000042088",190.048001902712,0.414549924461268,0.150001680800282,2.76363519561635,0.00571614068383426,0.041497841644164
"ENSG00000042286",594.47788466021,-0.707631136086677,0.0926398274542904,-7.63851958204295,2.19733540146723e-14,2.87587876311749e-12
"ENSG00000043143",1529.01864360997,-0.31762841116361,0.101227399328386,-3.13777112986188,0.00170237746903884,0.0162515510201568
"ENSG00000044090",1103.21015795641,0.508931929965263,0.0988656214859485,5.14771385964125,2.63680305220968e-07,8.53745378489842e-06
"ENSG00000046653",1090.45825722703,-2.5844785518906,0.765064528075453,-3.37811839008136,0.000729836519530036,0.00825563707575515
"ENSG00000048342",829.359722449446,0.407305045936648,0.125489793836325,3.24572248853871,0.00117152980354725,0.0120625381711499
"ENSG00000048405",363.389429638926,-0.385133709695368,0.122176299622178,-3.15227839512547,0.00162001736947617,0.0156242982935727
"ENSG00000048540",60.0652121202479,-1.43088263965181,0.414988249521815,-3.44800760334923,0.000564738139415698,0.0066386200639094
"ENSG00000048707",3202.46947491404,-0.657177340718033,0.169656189619302,-3.873583051657,0.000107246835346844,0.00164489594696979
"ENSG00000048740",5644.03525099774,-0.940262625636281,0.193815859501588,-4.85131932987442,1.22642899118717e-06,3.34210891513395e-05
"ENSG00000049089",68.1250661910953,0.763675683662678,0.214147133177623,3.56612611306476,0.000362297076370395,0.00459751362507034
"ENSG00000049246",196.030110621098,2.1654211070577,0.283147601938125,7.64767595499857,2.04644120583349e-14,2.69738367449755e-12
"ENSG00000049323",20169.9020554026,-0.693729418165232,0.098306977487369,-7.05676683279542,1.70421225713635e-12,1.87412927804018e-10
"ENSG00000049656",1482.92470521912,-0.261008767493186,0.0959815625442403,-2.71936360040899,0.00654076650786838,0.0462751719358234
"ENSG00000049759",1212.98843820386,1.0813303446072,0.194029819889238,5.57301112388021,2.50373577001806e-08,1.05844344841973e-06
"ENSG00000051108",2272.41984444954,-0.747890406351565,0.0909987867462798,-8.21868546925589,2.05745862088216e-16,3.67671812202835e-14
"ENSG00000051620",1175.49900412891,-0.410268602980806,0.0820445492310101,-5.00055892592726,5.71643531758717e-07,1.71078825084312e-05
"ENSG00000051825",225.873309609759,0.44300837899952,0.129773890160475,3.41369422194024,0.000640884603927262,0.00740263540334877
"ENSG00000053254",3773.07587769826,-0.400574025363781,0.139744246098283,-2.86647956211416,0.00415064958920456,0.0325237465972068
"ENSG00000053747",1196.32141855668,-0.878639608606111,0.25992345983508,-3.38037824351678,0.000723861385617205,0.00820604466978966
"ENSG00000054118",2789.53481627354,0.19240423187708,0.0707662020020926,2.71887181215957,0.00655049886769663,0.0463183909169294
"ENSG00000054277",130.03676665067,-0.793060019495403,0.272799114500502,-2.90712094482969,0.00364772133827633,0.0295265248570843
"ENSG00000054938",93.3812373991456,1.37682502674319,0.429973655225219,3.20211485055292,0.00136422594774397,0.0136386820337864
"ENSG00000054965",1640.61562470618,0.248254779047537,0.0758159624401914,3.27443945914921,0.00105871822247882,0.0111354149206389
"ENSG00000055163",284.232234651173,1.01191320181457,0.259681384210746,3.89674910617909,9.74925240061702e-05,0.00151623310347671
"ENSG00000056586",1378.69389410723,-0.36882938424808,0.102804642949425,-3.5876724403345,0.000333643071837449,0.00428821334031742
"ENSG00000056736",73.8587890213004,1.01633687324431,0.281375811601264,3.6120264476911,0.000303813571661524,0.00398277279207826
"ENSG00000057252",1226.19153273194,-0.663580750440811,0.152622824554372,-4.34784739686434,1.3748020401702e-05,0.000284212412864996
"ENSG00000057657",212.553567505953,-1.27055143610843,0.29788290618611,-4.26527138591369,1.99659362561148e-05,0.000391834134445505
"ENSG00000058063",1642.47387625129,-0.368862742950366,0.135178753091882,-2.72870354633059,0.00635838361748845,0.0452716344581405
"ENSG00000058085",71.1878221681526,-0.892343629119101,0.207640295137796,-4.29754556323915,1.72699769065229e-05,0.000346986508981328
"ENSG00000058262",9475.10103923796,0.290435372882625,0.0923817278257554,3.14386166743305,0.00166734237830464,0.0159783465127525
"ENSG00000058272",1667.44783426186,-0.322434214447287,0.0950025791193405,-3.39395222146813,0.000688917107305104,0.0078645727513915
"ENSG00000059145",668.130504139043,-0.279588230740989,0.0887041738021598,-3.15191742120912,0.00162202138671697,0.0156285730310814
"ENSG00000060138",4817.28392423576,-0.501130929326052,0.1228824094462,-4.07813397852893,4.53986040494886e-05,0.000787064418152747
"ENSG00000060718",363.762294004358,-2.38252052544867,0.646012941331524,-3.6880383859462,0.000225989563626622,0.00310193208271844
"ENSG00000060762",301.892248003494,-0.456380067903359,0.168459726685279,-2.70913456220893,0.00674589738598267,0.0473282381723246
"ENSG00000061273",2842.42418372698,-0.590046678182996,0.129931320158735,-4.54121975719285,5.59296948871002e-06,0.00012832757771318
"ENSG00000061337",66.6914993629285,1.01276612887049,0.228732364887099,4.42773426213814,9.52281220518275e-06,0.000205792400968978
"ENSG00000062716",3074.89416507468,-0.547025145993981,0.115044197679679,-4.75491295542849,1.98531937059275e-06,5.17491732152401e-05
"ENSG00000063127",28.1992995264737,0.888751750460443,0.330452715445192,2.68949749516538,0.00715596840856606,0.0494643951294138
"ENSG00000063169",252.560934574034,-0.477979147384826,0.113518203859016,-4.21059469878904,2.54699330345608e-05,0.000481943154555883
"ENSG00000063587",578.839637315706,-0.360407555687035,0.130041531946819,-2.77148039008356,0.00558020333488366,0.0407978280797847
"ENSG00000063660",4459.26289416516,0.425671664811929,0.135835141956316,3.13373740168669,0.00172595239200353,0.01642438566584
"ENSG00000064115",1447.52740737354,-0.828488493771949,0.166225948538955,-4.98411048969165,6.22475038221223e-07,1.83049028249073e-05
"ENSG00000064201",16.979783757302,1.60101316721743,0.456329257072115,3.5084604863817,0.000450708180783171,0.00555096854861182
"ENSG00000064309",348.470851504488,1.64652108244934,0.299280784926106,5.50159303697319,3.76374913891881e-08,1.53397538918434e-06
"ENSG00000064393",2607.78308065987,-0.597442515310413,0.145542836167445,-4.10492560845156,4.04445010032027e-05,0.000715867667756688
"ENSG00000064652",269.406437185961,-0.547587440140785,0.14563266480563,-3.76005919325604,0.000169873157266702,0.00242276417425835
"ENSG00000064666",8451.79335835264,-0.783988885779133,0.156813027825219,-4.99951373079124,5.74750794702582e-07,1.71732210925201e-05
"ENSG00000064687",143.273226662814,0.810545320780756,0.192097515671375,4.21944717998005,2.44902089635221e-05,0.000467780610058641
"ENSG00000064933",428.600732185431,-0.525628603644945,0.12882157213465,-4.08028403112125,4.49807043423571e-05,0.000780547516529138
"ENSG00000065308",9940.46911255163,-0.205606692969091,0.0650477841634553,-3.16085621690714,0.00157306128281693,0.0152435326636371
"ENSG00000065491",295.802168134748,0.406759302126935,0.121047231824105,3.36033543268468,0.00077847893405654,0.00868429231058871
"ENSG00000065526",1438.86865797927,-0.666121336343479,0.130862656079179,-5.09023243376964,3.576248727441e-07,1.11517756039414e-05
"ENSG00000065665",131.365936289555,0.451955061804399,0.158936035669167,2.84362863274861,0.00446030012173244,0.03445331577822
"ENSG00000065802",1186.00757355885,-0.310446322598258,0.111827098085335,-2.77612786089968,0.0055010570024419,0.0403939724971879
"ENSG00000065809",2255.39053258522,1.01345189361827,0.182143487354799,5.56403036054844,2.63614051602162e-08,1.10592937901268e-06
"ENSG00000065833",676.066126027813,0.659123516148752,0.198404542757319,3.32211907544359,0.000893365602438668,0.0096924691893302
"ENSG00000065882",804.092226066819,-0.579206590083059,0.142131700768366,-4.07514007749052,4.59866573210633e-05,0.000795564068296095
"ENSG00000066135",833.339170843253,0.289005296517961,0.0798947588093594,3.61732485115288,0.000297663624094053,0.00391799211234798
"ENSG00000066322",1036.6803476379,-0.526479147886128,0.0810126305526428,-6.49872920178807,8.10013150218958e-11,6.07019935355618e-09
"ENSG00000066468",28.7035272208389,2.36016166922663,0.681225894374566,3.46458008821509,0.00053105998498147,0.00631461920721729
"ENSG00000066697",547.646290675995,0.671702874643153,0.153294932958203,4.3817682794923,1.17719973485568e-05,0.000248334359503891
"ENSG00000067082",3242.40960152819,-1.11041159281695,0.155393183169422,-7.14581920627937,8.94607418411739e-13,1.03268812864486e-10
"ENSG00000067113",1190.98424125035,0.925123708440389,0.216023658312147,4.28251107155872,1.8479593398706e-05,0.000366926542003152
"ENSG00000067167",9767.04382131026,-0.621574997434244,0.182514751218841,-3.40561512580951,0.000660151729939555,0.00757759390817837
"ENSG00000067177",495.66127140705,-0.873711363767891,0.254338756495223,-3.43522700121522,0.000592057659531628,0.00691167814220811
"ENSG00000067221",297.251785040542,0.343724608139029,0.123339000694654,2.78682822305312,0.00532266852983859,0.0393796953133162
"ENSG00000067369",1878.40236760863,0.758276835775493,0.0899896931816192,8.4262631526604,3.56879098317903e-17,7.05595536408321e-15
"ENSG00000067445",651.671779867844,0.73978837967938,0.128040198780295,5.77778218658336,7.56917069788244e-09,3.6070009594909e-07
"ENSG00000067798",705.208940870332,-2.25849382434315,0.385782873893492,-5.85431333835385,4.78984829711221e-09,2.38019600539653e-07
"ENSG00000067900",2657.20543362827,-0.575338751538063,0.109668585590569,-5.24615821786928,1.5530354576596e-07,5.36490036814196e-06
"ENSG00000067955",590.325516922477,-0.44999591586903,0.152126410592728,-2.95803939707588,0.00309602551640155,0.0259889946803626
"ENSG00000068120",864.460717798873,-0.245234650154851,0.0889676248607344,-2.75644820842109,0.00584328656877618,0.0422722774934625
"ENSG00000068305",1565.56753429165,-0.537469730649341,0.153636263016458,-3.49832598174928,0.000468188506387692,0.00572829716340702
"ENSG00000068383",1247.24185187194,-1.39521716210758,0.300043389307608,-4.65005133199983,3.31852423139769e-06,8.15803873551933e-05
"ENSG00000068784",273.736806886978,0.560868973740749,0.161753108230829,3.46743861601945,0.00052544373599994,0.00626386904012757
"ENSG00000068831",97.80861461703,-1.95640684801023,0.319580549223198,-6.12179574997807,9.25265837146489e-10,5.63805428962868e-08
"ENSG00000069020",835.664952835795,0.744509136011707,0.143549293664544,5.18643538401189,2.14357349712652e-07,7.08866787261502e-06
"ENSG00000069329",2962.94542111022,0.198114108761593,0.0736066385437214,2.69152501297714,0.00711261644998448,0.0492687203589123
"ENSG00000069399",358.270109803808,0.588889332232532,0.177310917391301,3.3212243267172,0.000896234708382429,0.00970659793431669
"ENSG00000069431",849.101371746355,-1.0471749572334,0.304026914835933,-3.44434951687913,0.000572435187153952,0.00672484699952983
"ENSG00000069535",394.753428992022,-1.20640970916886,0.389109313641137,-3.1004390459836,0.00193233981019312,0.0179204268325545
"ENSG00000069667",528.676700119639,-0.478343727175087,0.173641788066352,-2.75477310215386,0.00587328503522048,0.0424397365394917
"ENSG00000070081",1625.09739763986,0.452035154888655,0.120828591782397,3.74112739559803,0.000183196624703682,0.00258998682004811
"ENSG00000070087",2152.9932834784,0.319667845482389,0.0875670722092411,3.65054851575423,0.000261680872913521,0.00351905862742242
"ENSG00000070366",1640.78034125995,0.30368791241194,0.0959440550290941,3.16526034176739,0.00154944246086031,0.0150766430026644
"ENSG00000070371",214.860338427248,-0.563466944376668,0.156041051156476,-3.6110173585772,0.000304998245228088,0.003989016458525
"ENSG00000070388",5.95764938530407,-2.91275055125909,0.781740426785752,-3.72598173441704,0.000194556493364323,0.0027309912607069
"ENSG00000070404",2128.11402480981,-1.8650292810439,0.29939094156967,-6.22941118814677,4.68191476937317e-10,2.99015072126462e-08
"ENSG00000070540",3487.39138889573,-0.903118772495823,0.204335985054595,-4.41977350320613,9.88044021601733e-06,0.000212069836267378
"ENSG00000070610",785.253875840514,-0.437025006291679,0.112675389676676,-3.87861987915667,0.000105050755495337,0.00161887917983486
"ENSG00000070669",428.340029488504,0.964909862531017,0.172472128105483,5.59458431417326,2.21150979223357e-08,9.53617389528094e-07
"ENSG00000070718",392.944891675775,0.438728588967077,0.129992506318991,3.37502984895509,0.000738076850588684,0.00832857211183406
"ENSG00000070808",23.585469416522,2.26496320749354,0.409341640477951,5.53318544590027,3.14466681776806e-08,1.30746382121296e-06
"ENSG00000070882",1106.50519592118,1.09549521211322,0.216275293338248,5.06528136064019,4.07797583281206e-07,1.24858617549938e-05
"ENSG00000071127",9740.11786103605,-0.848089093956296,0.160845642092255,-5.27268928722275,1.34439061765241e-07,4.6965224866673e-06
"ENSG00000071205",892.552356256108,-0.47635782897174,0.164125577188091,-2.90239849956978,0.0037031714120755,0.0297808051464402
"ENSG00000071242",11135.3639028974,-0.927663648526288,0.155203340619885,-5.9770855757433,2.27164883504222e-09,1.23446180114794e-07
"ENSG00000071282",3659.86884296353,-1.59617201619858,0.22793961544168,-7.00260905988485,2.51239171082505e-12,2.59404444142686e-10
"ENSG00000071564",1219.09554436407,0.464946922838307,0.121546272703265,3.82526680989551,0.00013063053300673,0.00194532728840551
"ENSG00000072121",1027.37823384562,0.393545643467259,0.122386988127165,3.21558402154933,0.00130179380242923,0.013134548218321
"ENSG00000072134",690.81340681411,-0.394874125159877,0.12828480936734,-3.07810509371509,0.00208321434028811,0.0191381801849997
"ENSG00000072135",392.72632289525,-0.478567470055301,0.169356278194518,-2.82580294723784,0.00471622672348445,0.035996334150291
"ENSG00000072163",665.15195346299,-1.3027052570188,0.332019820982756,-3.92357677069666,8.72439466547424e-05,0.00137993936049225
"ENSG00000072195",1209.59604323923,0.512005468571471,0.182164585780966,2.8106751176494,0.00494376775240031,0.0372435847905796
"ENSG00000072210",939.103380838377,0.968758515489429,0.160327531494921,6.04237155313603,1.51865240455821e-09,8.65771623886945e-08
"ENSG00000072310",1558.1088594437,0.754030332507492,0.277151197204709,2.7206461314708,0.00651544670916845,0.0461821422921036
"ENSG00000072571",36.627660489315,-1.54068312143274,0.305294959349184,-5.04653966353426,4.49883532321584e-07,1.37066974560601e-05
"ENSG00000072958",2129.43443527067,-1.08848871436053,0.126794395356707,-8.5846753028658,9.10933433670016e-18,1.88107754052858e-15
"ENSG00000073111",164.89059861176,0.671878234214329,0.177526227177446,3.78467027039759,0.000153912502702256,0.00224702581517788
"ENSG00000073146",89.942453415986,0.933062918365132,0.22559835459699,4.13594735667271,3.53493229805311e-05,0.000633526680417716
"ENSG00000073169",390.884693693847,-0.478659076942643,0.156439721321979,-3.05970295074537,0.00221556618624845,0.0201056140485486
"ENSG00000073331",551.374601714374,0.370420647455125,0.123793896834464,2.99223674936454,0.00276941401367529,0.023972780365233
"ENSG00000073536",292.33338097925,0.494391901539383,0.182614235670797,2.70730208805098,0.00678325021368517,0.0474470098687764
"ENSG00000073712",3857.12809617059,-0.629036357424535,0.114770566789552,-5.48081598810925,4.2336863823614e-08,1.70309656744992e-06
"ENSG00000073756",71.6195676361844,1.2291349683294,0.451870368632637,2.72010526392507,0.00652611377647733,0.046222494106643
"ENSG00000073792",2455.84901588592,-0.781747403971114,0.158062056686491,-4.94582583802306,7.58217267926995e-07,2.17125853997276e-05
"ENSG00000074047",364.253871098787,0.899722862160216,0.15030420969025,5.98601239455889,2.15047987642356e-09,1.175490250098e-07
"ENSG00000074201",1086.15030871771,0.238761678060753,0.0779546446852643,3.06282812300325,0.00219255953420065,0.0199162849184355
"ENSG00000074219",430.68682275748,0.728255495008135,0.17064971650273,4.2675458824831,1.97635131004921e-05,0.000389506777277462
"ENSG00000074319",1040.86394340937,-0.403695079220896,0.0935790726003633,-4.31394614204937,1.60366029819726e-05,0.000324309321458064
"ENSG00000074590",412.639546693256,-1.36544571906198,0.189775982378684,-7.19503965647945,6.24426138717092e-13,7.39169413252048e-11
"ENSG00000074660",29.0084659356693,-1.33458508962428,0.333766638004887,-3.99855748795583,6.37297030200651e-05,0.00105468969779867
"ENSG00000074935",264.392005702728,0.713648233756545,0.143431388545228,4.9755373701309,6.5066879535127e-07,1.90435898607927e-05
"ENSG00000075142",1208.4476541768,-0.487127723201133,0.134122753870435,-3.63195437868587,0.000281282856873942,0.00374204860057424
"ENSG00000075213",714.29854936872,1.2223956353825,0.226570685742845,5.39520649537999,6.84447907306801e-08,2.59072593834967e-06
"ENSG00000075240",576.83949575666,1.15558986020914,0.192772845913699,5.9945676204131,2.0402755687979e-09,1.1218497469263e-07
"ENSG00000075391",920.439114102738,-0.530717859716997,0.136909978411776,-3.87640014171056,0.000106013289184816,0.00163100743336076
"ENSG00000075420",5790.69133814136,-0.703873587084048,0.138121565337039,-5.09604409250999,3.46824381191701e-07,1.08841470487101e-05
"ENSG00000075539",1134.27775743365,-0.363586552432149,0.115975328162335,-3.1350336161431,0.00171834419404474,0.0163855448159679
"ENSG00000075624",74595.0333669061,-0.917175388314344,0.196481776219728,-4.66799214645054,3.04157523561383e-06,7.55717590292553e-05
"ENSG00000075975",930.849131190084,-0.498293658900212,0.13002764489446,-3.83221321361826,0.000126995600928872,0.00189727752673882
"ENSG00000076513",6210.57643305943,-0.682753041167115,0.132672667046921,-5.1461469522253,2.6589116037735e-07,8.59406472280531e-06
"ENSG00000076685",987.81047533625,-0.46480781327669,0.146974208503954,-3.16251278375951,0.00156413867897336,0.0151799046207415
"ENSG00000076716",465.627115373639,-0.964683284248028,0.255232957623892,-3.77961879699554,0.000157068641555793,0.00227345849167789
"ENSG00000077063",329.883172304403,1.06367386499691,0.173979258227027,6.11379698842555,9.72880564334889e-10,5.9088187216222e-08
"ENSG00000077235",2347.71257658784,0.21312956792002,0.0736347245582468,2.89441658400487,0.00379863824249304,0.0303776642584911
"ENSG00000077254",2737.01594971387,-0.892312542596165,0.113366499071222,-7.87104259112361,3.51697870352658e-15,5.14669678779854e-13
"ENSG00000077585",668.795948960347,-0.547910088974875,0.147387805348534,-3.71747233551112,0.000201226013702114,0.00280764674523558
"ENSG00000077684",1570.63461014914,-1.20685061470616,0.109674193085729,-11.0039616499645,3.65704456650043e-28,2.61408358724655e-25
"ENSG00000077713",581.04666613206,-0.486023220823249,0.148677644845204,-3.2689730949752,0.00107938564640368,0.0113399560420647
"ENSG00000077943",468.384335044168,-1.0991131928533,0.320261244985693,-3.43192693484469,0.000599308997542753,0.00698755189418573
"ENSG00000078053",358.68988631553,-1.15002620536803,0.166797734384398,-6.89473516899039,5.39652423357637e-12,5.22366681671963e-10
"ENSG00000078070",499.048222858971,-0.55213318515698,0.179322210683829,-3.0790005490757,0.00207696298950794,0.0190901865281924
"ENSG00000078114",7.62324844923572,-3.30825003240504,1.2019027594287,-2.75251055582695,0.00591402398132103,0.0427009074175801
"ENSG00000078124",305.1634175641,-0.850655298229083,0.17951583785915,-4.73860862848501,2.15190662185897e-06,5.55460896767348e-05
"ENSG00000078177",448.978152127801,-0.416907415806149,0.141284079290752,-2.95084497771462,0.00316905928457148,0.0264627108430472
"ENSG00000078269",1092.06616752081,0.621687233105594,0.174174506736606,3.56933540248651,0.000357887991619762,0.00455884052381993
"ENSG00000078699",496.748031606387,0.572237093463916,0.111619407401272,5.12668098484633,2.94894569266762e-07,9.41686524024532e-06
"ENSG00000078804",830.556879599842,-0.587787594574225,0.176282238236802,-3.33435518208388,0.000854974077150384,0.00934138343553198
"ENSG00000079101",6.77257079390926,2.97234683174223,0.884336663201199,3.36110324882683,0.000776317996972519,0.00866538737161217
"ENSG00000079102",920.840501917594,0.373235877438957,0.134540020321811,2.77416248746062,0.0055344028051497,0.0406067414661299
"ENSG00000079134",343.295354351879,0.33323559386948,0.117734013555011,2.83041054838223,0.00464883086354951,0.0355842345959917
"ENSG00000079313",317.420787285713,-0.337745361134938,0.108439568255596,-3.11459522172627,0.00184197491945152,0.0173069281486382
"ENSG00000079432",2035.23356282544,0.456972194084303,0.109278051602136,4.18173812018596,2.89289062460757e-05,0.000538721164913143
"ENSG00000079435",31.5208452155434,-1.03733962790255,0.345380221405487,-3.0034714312279,0.00266918607829326,0.023311477098252
"ENSG00000079462",58.312011174181,1.03319817134246,0.207823258145441,4.97152330572834,6.64288769794523e-07,1.93811723494995e-05
"ENSG00000079691",1509.4530923224,-1.17748350634759,0.193309452508532,-6.09118432165451,1.12078414718955e-09,6.65487967268941e-08
"ENSG00000079950",1389.84565630545,-0.4683588245535,0.159925746613695,-2.92860176970024,0.00340490348135132,0.0280450027190135
"ENSG00000080200",492.478409135283,0.629458438433016,0.132774360044208,4.7408131978451,2.12862123547105e-06,5.50214543271619e-05
"ENSG00000080493",291.903682156382,0.787096602051812,0.218067255053351,3.60942133131931,0.000306880820983883,0.00400799722978599
"ENSG00000080573",313.661058396567,-0.914952131330971,0.30307369601253,-3.01890973505383,0.00253686103328435,0.0223978918306839
"ENSG00000080815",1780.11770977018,-0.519850797720152,0.137567674985497,-3.77887318205352,0.000157539625221215,0.00227850111652628
"ENSG00000080822",779.024639545092,-0.498862806005856,0.127057710300376,-3.92626944737553,8.6273507604697e-05,0.00136691657189539
"ENSG00000080823",115.373362443825,0.584655660985747,0.216041717068707,2.70621650724897,0.00680546607337909,0.047566599087533
"ENSG00000080824",15243.4853175288,0.405589332197476,0.147813311593393,2.74392967605772,0.00607085416265326,0.0435456675464727
"ENSG00000080845",1713.82996347215,0.229521972898895,0.0785190881585852,2.92313599510133,0.00346525130163271,0.0284208717744237
"ENSG00000080947",107.889388763168,0.496813842448824,0.164625698599944,3.01783893203775,0.00254584176493386,0.0224345515416291
"ENSG00000081026",302.866025620553,0.338693243206736,0.114568239848961,2.95625771726305,0.00311396775785479,0.0261042358050208
"ENSG00000081052",207.134642684968,-1.97276837614567,0.407512656611592,-4.84099903190481,1.29188002047353e-06,3.49994025954818e-05
"ENSG00000081087",1156.02415955975,-0.479815463492237,0.127676126286339,-3.75806720840006,0.000171230894588264,0.00243856411948114
"ENSG00000081320",1491.69834472829,-1.11171547433397,0.296313700607141,-3.75181934570047,0.000175555950910803,0.00249633308927106
"ENSG00000081377",2308.76697277371,-0.84606378655169,0.158810369706174,-5.32750970932848,9.95684580496104e-08,3.59316464631458e-06
"ENSG00000082126",22.2125238575781,-1.2291720334381,0.399950334841227,-3.07331167487598,0.00211697259241771,0.0194099337099571
"ENSG00000082146",1148.65142905342,-0.881775938981563,0.19880043465718,-4.43548295305358,9.18661015303265e-06,0.000199687894379078
"ENSG00000082153",5818.75144245453,-0.306336262604825,0.0750127077655663,-4.08379155652138,4.43067773844869e-05,0.000772459153555993
"ENSG00000082458",383.510701562336,0.654688702371245,0.139209637378478,4.70289783595442,2.56494780909085e-06,6.49448978636968e-05
"ENSG00000082996",924.125408764971,-0.338235468522285,0.121647544128654,-2.78045455783775,0.00542828563567562,0.0400177265129042
"ENSG00000083097",456.12908118837,0.609782803411632,0.144786276744314,4.21160635609466,2.53561121556039e-05,0.000480860555522345
"ENSG00000083223",1486.90723795935,-1.1236764797211,0.175151849276232,-6.41544171165985,1.40415132608609e-10,9.91644200645807e-09
"ENSG00000083290",1522.66485036046,-1.18335073769852,0.219424255573672,-5.39298052808572,6.92984647738015e-08,2.61239750065132e-06
"ENSG00000083520",1021.92552956522,-0.311963118187995,0.10356652263016,-3.01220037387977,0.00259361336284653,0.0228014684713825
"ENSG00000083720",886.609225548062,-0.70022159977398,0.164307635693301,-4.26164978163903,2.02923277672972e-05,0.000396925661675568
"ENSG00000084090",3609.48552942064,-1.27014700383592,0.191678682130409,-6.62643852576038,3.43882585938274e-11,2.86594522854835e-09
"ENSG00000084444",260.122601810217,-0.546587682926445,0.149839505847919,-3.64782091233808,0.000264473873675719,0.00354891475975686
"ENSG00000084652",3846.63894059291,-0.41210804838846,0.126229782648236,-3.26474497335451,0.00109562674515603,0.0114587636796425
"ENSG00000084710",10.3958962831216,2.68463191723527,0.66958440066823,4.00940033034829,6.08731399374239e-05,0.00101282659421399
"ENSG00000084764",310.992834479333,0.754652222086002,0.138418378053825,5.45196550267734,4.98161214197015e-08,1.96567434519141e-06
"ENSG00000085117",1911.07297097004,-1.25090999920969,0.274933474410783,-4.54986429677414,5.36805233583536e-06,0.000123624848403346
"ENSG00000085377",603.381741498933,-0.53589242988137,0.0958814402298179,-5.58911535534814,2.2822930910978e-08,9.79593928361494e-07
"ENSG00000085415",328.564275972438,-0.674015252180531,0.12992462170175,-5.1877407326825,2.12860668745885e-07,7.05172108492384e-06
"ENSG00000085719",2729.62261069276,-0.420954898774499,0.0934496441430913,-4.50461746146328,6.64926113045175e-06,0.000148708204704507
"ENSG00000086015",1782.6409352184,0.343126072290692,0.101835468421685,3.36941615341582,0.000753276050734007,0.00845899420114291
"ENSG00000086062",3113.37951436047,0.600242311257238,0.122287757947687,4.90844154256237,9.18029841245387e-07,2.57339134231456e-05
"ENSG00000086102",1104.31727708679,0.34588547792007,0.105010816069006,3.29380811299263,0.000988399482662333,0.0105389583392309
"ENSG00000086544",860.627516926059,-0.656045931692815,0.236636006190286,-2.77238422949578,0.00556473095930595,0.040734848020907
"ENSG00000087076",254.923605682138,0.631243861372433,0.181697753538907,3.47414235497008,0.00051248906087387,0.00615284831804966
"ENSG00000087086",185793.043108095,0.638684503354191,0.175174576555354,3.64598856702458,0.000266365818476755,0.00357172347502921
"ENSG00000087116",4464.4129800239,-0.700566449134406,0.0926506669854415,-7.5613751301379,3.98830182332552e-14,5.1474020407295e-12
"ENSG00000087191",1244.73519854424,-0.478787971822627,0.137850521215985,-3.47324019959604,0.000514214929090716,0.00616958325187279
"ENSG00000087266",400.161903597239,0.792534560851557,0.14982714350598,5.28965941888843,1.22544332093759e-07,4.36300078920023e-06
"ENSG00000087338",315.315489338148,-0.446765748264769,0.136154660346306,-3.28131073243055,0.00103325844246096,0.010923269711682
"ENSG00000087448",907.658851358475,-1.05841792276055,0.128076039429083,-8.26398073736972,1.40893358782872e-16,2.59257729997987e-14
"ENSG00000087470",1159.17449767664,-0.270272513284113,0.0938959311746581,-2.87842625237267,0.00399664714590097,0.0317019578346434
"ENSG00000087903",230.166186957553,0.690051153122197,0.237042896852421,2.91108133711263,0.00360180242156087,0.0292567736034567
"ENSG00000088179",280.83786382151,0.451358761824748,0.138093391223157,3.26850371206656,0.00108117759249764,0.0113523647212252
"ENSG00000088325",256.524577830362,0.831459793179394,0.213057283440636,3.90251757533116,9.51973233730537e-05,0.00148661206900777
"ENSG00000088756",685.723239064796,1.48053770709845,0.453618353116341,3.26383995913572,0.00109913232864247,0.0114825038380103
"ENSG00000088766",397.798815862374,-0.573042944261842,0.133524632913192,-4.29166462965969,1.77338650237687e-05,0.000355360471487612
"ENSG00000088826",259.930820787405,0.770960992527518,0.218924044055169,3.52159122518876,0.000428965045825198,0.00531842253279607
"ENSG00000088854",1552.1893239398,-0.321565074376722,0.0944765954137053,-3.40364799312057,0.000664923821069443,0.00761874797446092
"ENSG00000088876",280.386730902772,-0.331220544792474,0.119650083314145,-2.76824332769452,0.00563593596137075,0.0410760273890492
"ENSG00000088888",1167.41499738831,-0.521730946372899,0.156821824510479,-3.32690266805329,0.000878170409880998,0.00954432577054874
"ENSG00000089006",2156.12349500562,-0.408523973472384,0.127792112609396,-3.19678550679463,0.00138968222192407,0.0138335533446485
"ENSG00000089041",96.7567144445977,1.9190519600353,0.290363632142187,6.60913333352838,3.8657643182365e-11,3.16498809931389e-09
"ENSG00000089050",350.351803388827,0.455900772875793,0.126223415320908,3.61185578536851,0.000304013626497483,0.00398277279207826
"ENSG00000089123",135.146999403786,-0.704609311955652,0.154574378002477,-4.55838361480814,5.1548817552776e-06,0.000119306945730802
"ENSG00000090238",972.97641122131,-0.377976812902643,0.128434670717018,-2.94294999000265,0.0032510093074254,0.0270698960477155
"ENSG00000090376",583.8944864316,-0.973958709530502,0.247918716766914,-3.92854045967892,8.54629737168789e-05,0.00135638716185157
"ENSG00000090565",1991.94750350268,-0.497950325611193,0.141274637506237,-3.52469724503247,0.000423967045104001,0.0052669970142098
"ENSG00000090861",2922.17062720885,0.591950208582934,0.139301130670264,4.24942859928484,2.14316507419462e-05,0.000417512818699236
"ENSG00000091136",29112.7735624296,-0.76537445457092,0.12652513001864,-6.04918923583136,1.45576583125559e-09,8.35043455984107e-08
"ENSG00000091164",1244.08572861021,0.258102314753459,0.0861096197944479,2.99736911357378,0.00272320768440693,0.0236499134648144
"ENSG00000091262",123.765113938943,1.03278487945118,0.250033408942507,4.13058752356034,3.61837300954174e-05,0.000647856092315349
"ENSG00000091317",1927.64097153167,-0.630313210775873,0.108876384060736,-5.78925555081126,7.0699065051478e-09,3.40686752160209e-07
"ENSG00000091428",36.1779284355662,1.1256567440999,0.309165881645145,3.64094750077212,0.000271636527453576,0.00363191716742784
"ENSG00000091527",4870.59143202752,-0.76680836835142,0.10787496453031,-7.10830702647383,1.17475002114092e-12,1.31522464716289e-10
"ENSG00000091622",31.5136611624827,0.82224903992197,0.302157941367995,2.72125576511181,0.00650344222929104,0.0461146409123899
"ENSG00000091831",34.6553678932809,1.24082788370663,0.417994421986343,2.96852737366713,0.00299230448634536,0.0252826696778003
"ENSG00000092068",1857.11023201193,-0.880746705071659,0.313223772988529,-2.81187694237983,0.00492533426654898,0.0371197637241739
"ENSG00000092445",442.348992954039,0.474861200190522,0.171602844169838,2.76721054646708,0.00565382276846447,0.0411740972382101
"ENSG00000092621",1231.10242762368,1.43228586042315,0.270558616276873,5.29380982255407,1.19794014107545e-07,4.27326631898026e-06
"ENSG00000092841",7869.56218010232,-0.680313446886636,0.150644890070688,-4.51600745679065,6.30164462082266e-06,0.000141444523282596
"ENSG00000092853",27.2783280601058,1.14501215144964,0.360806398165099,3.1734807289246,0.00150622900585044,0.0147410563842708
"ENSG00000092969",200.64540318736,1.58119933222446,0.290202619477514,5.44860461656508,5.07665272109028e-08,1.99470593702881e-06
"ENSG00000093000",1392.83518610489,-0.390644953207439,0.142592045387232,-2.73959849686271,0.00615142797628911,0.0440725863297352
"ENSG00000093144",1525.76559832675,-0.730791791096675,0.125772160723105,-5.81044157065537,6.23082767889999e-09,3.02349692982653e-07
"ENSG00000093167",1946.92347541204,-0.723625711257017,0.118852774577455,-6.08842085369606,1.14029799945403e-09,6.7491841782972e-08
"ENSG00000093183",1345.80203032711,-0.547841092286131,0.141666269251668,-3.86712444098389,0.000110126239528841,0.00167624583263186
"ENSG00000093217",68.7369248373066,0.946340443562027,0.255796421928123,3.69958436646132,0.000215952844448725,0.00298178574597293
"ENSG00000094916",2123.35487091011,0.561656887236168,0.102574827028053,5.47558210439452,4.36075709134059e-08,1.75042484973142e-06
"ENSG00000095319",982.647024054292,0.302241892209154,0.111301836068897,2.71551578018949,0.00661726227754428,0.0466486522003531
"ENSG00000095380",343.141710787905,-0.361985934399537,0.115712098651866,-3.1283326343308,0.00175801100575573,0.0166272949323004
"ENSG00000095397",117.982231658384,0.749407444741285,0.232396526595788,3.22469296645187,0.00126107836802223,0.0127931994921906
"ENSG00000095585",21.1129408791883,2.56711178123371,0.719061600890727,3.5700860372098,0.000356863997527136,0.00454891453637985
"ENSG00000095637",44.3053870127779,-1.90094556470382,0.361945985343399,-5.25201450404343,1.50444612210604e-07,5.20672833879715e-06
"ENSG00000095951",470.853153571176,0.519089361639176,0.175923201963125,2.95065890028525,0.00317096890220426,0.0264627108430472
"ENSG00000096060",2564.36222687268,-3.93840263337676,0.297068112258991,-13.2575745118789,4.07875428278113e-40,5.83104987272979e-37
"ENSG00000096063",697.940388382818,-0.250062971784426,0.0854682643702309,-2.92579910949407,0.00343572719250342,0.0282410393068005
"ENSG00000096384",10612.0805356646,0.369290897513641,0.0653246594108818,5.65316223374178,1.57522495332976e-08,7.03739321096963e-07
"ENSG00000096654",157.224386872504,0.631803786533152,0.158185087806672,3.99407931109992,6.49461229634182e-05,0.00107386449757574
"ENSG00000096968",711.84169740804,-0.813877709287696,0.194806203143161,-4.17788394905262,2.94233706825477e-05,0.00054628705707807
"ENSG00000097033",3240.58522271849,-0.419776912666106,0.154554524721695,-2.71604414960995,0.0066067107144276,0.046615686646787
"ENSG00000097096",201.585034645729,-1.30622657092901,0.256127019463198,-5.09991711794662,3.39802243637929e-07,1.06856593874973e-05
"ENSG00000099139",387.307201211079,0.515151557208911,0.167734149349209,3.07123838054233,0.00213172885128271,0.0194875458441167
"ENSG00000099194",785.211998028092,2.00117539357764,0.402798298212792,4.96818234450546,6.75833975181025e-07,1.96501140440421e-05
"ENSG00000099204",848.585060946676,-1.41313117071597,0.238126664253865,-5.93436764061601,2.94980186105346e-09,1.53994571875501e-07
"ENSG00000099256",365.410558494173,0.417177075073294,0.133984976919921,3.11361082909041,0.00184813084431048,0.0173472281522779
"ENSG00000099326",313.685467309248,0.396207465714377,0.133720110659251,2.96296094701867,0.00304695223900229,0.0256814545858764
"ENSG00000099337",530.060485021926,-2.80776967715136,0.364739477017672,-7.69801421033271,1.38197006065801e-14,1.86115315777747e-12
"ENSG00000099341",1806.91304451832,-0.316636716390811,0.0955368019349648,-3.31429051399854,0.000918759952954759,0.00988717644798159
"ENSG00000099365",83.9185954994762,0.67167691900166,0.173664656658752,3.86766617874064,0.000109881945411981,0.0016738983241653
"ENSG00000099622",2834.65677486575,0.338147806044191,0.0933899506775041,3.62081576862471,0.000293675584809303,0.00387364140786437
"ENSG00000099785",432.227651789443,-0.485702832652142,0.174636600528207,-2.78122015192166,0.00541549986703604,0.0399717176782582
"ENSG00000099840",37.675495406214,-1.03625368529802,0.306087023854205,-3.38548714757543,0.000710520367145522,0.00807152874290925
"ENSG00000099849",42.7951586610186,-1.21998163019287,0.352909164501776,-3.45692816426344,0.000546370475647568,0.00646358707187145
"ENSG00000099860",368.158031967728,-1.45586486945199,0.178326760917713,-8.16402912249265,3.24030729076243e-16,5.6812368866811e-14
"ENSG00000099904",1098.47961593054,-0.304060004708616,0.108712592268632,-2.79691614709431,0.0051592921436217,0.0384310398754346
"ENSG00000099974",251.81425268221,-0.433554964907405,0.147540482213019,-2.93854919276621,0.00329752323255657,0.0273469296193948
"ENSG00000099977",262.519795831925,-0.405226517097449,0.143841195708683,-2.81717984267972,0.0048447389212347,0.0366759873123589
"ENSG00000099998",506.244766658562,-2.41882468992168,0.845838264640769,-2.8596775424306,0.0042407196646363,0.0331289512262571
"ENSG00000100014",875.940757194901,-0.490349563012567,0.132115812147231,-3.71151306602208,0.000206024030931029,0.00286598549015956
"ENSG00000100033",55.3631369152134,-4.96079874110739,0.62366428828884,-7.95427738009247,1.80180040505303e-15,2.81398827965635e-13
"ENSG00000100092",53.8159080006771,0.971079626527751,0.222954137456148,4.35551292121121,1.32755685050657e-05,0.000275980358687523
"ENSG00000100099",632.257345349386,0.358874322014851,0.0902710217559905,3.97552077105004,7.0225413989267e-05,0.00114687110631856
"ENSG00000100116",121.78222303844,-0.771629673030394,0.154754832854288,-4.98614265414855,6.15966718598851e-07,1.814222102244e-05
"ENSG00000100154",1732.3312833567,0.76873485371766,0.127184632418553,6.04424323205829,1.50112907000137e-09,8.5841488510694e-08
"ENSG00000100206",36.2986806626819,-1.90499981984389,0.424384274962947,-4.48885581354355,7.16067419083649e-06,0.00015880803083138
"ENSG00000100221",1209.39201919151,-0.388479993046452,0.1328823876327,-2.92348745358375,0.00346134174272543,0.028401340524747
"ENSG00000100234",43787.3196198733,0.666004850321423,0.198738694857895,3.35115841833237,0.000804742512683724,0.00890776628840203
"ENSG00000100242",2236.2383212374,-1.9110794530834,0.27343430184553,-6.98917231738915,2.76512634503437e-12,2.83921950952839e-10
"ENSG00000100266",1000.92381618717,-0.571071217500945,0.109004016082351,-5.23899245207175,1.61455641127704e-07,5.56507411251039e-06
"ENSG00000100292",2399.38459033003,1.3324461181682,0.263677304604811,5.05332121839313,4.34192743633569e-07,1.32503647626106e-05
"ENSG00000100302",35.8449132454698,1.98195656034368,0.450594733877127,4.398534672809,1.08984217058694e-05,0.00023174733112538
"ENSG00000100320",5488.25671245899,0.354653968109904,0.0901595879115379,3.93362454648618,8.36744507924632e-05,0.0013314123869674
"ENSG00000100350",555.662881910667,0.464801662502727,0.160856322042922,2.88954550619839,0.00385799163329523,0.0307993017632268
"ENSG00000100354",931.343372656497,0.34253738035006,0.0799300909218894,4.28546216323963,1.82359684380669e-05,0.000362864532571171
"ENSG00000100360",583.444562044455,0.462666032613537,0.0973928939786857,4.75051118939735,2.02903066155897e-06,5.25355557670456e-05
"ENSG00000100380",6223.72233668603,0.271359736509994,0.0809273149803822,3.35312912056671,0.000799034210716358,0.00886570197382896
"ENSG00000100485",931.547882293933,-0.504840641849007,0.155380489513952,-3.24906069885741,0.00115786768261831,0.0119682819140497
"ENSG00000100528",1605.18838748672,-0.442482607495899,0.131361513913937,-3.36843413502219,0.000755964570551662,0.00847893877109393
"ENSG00000100577",194.961899301117,0.369527382127545,0.123556150879899,2.99076476157579,0.00278279774626425,0.0240550214485215
"ENSG00000100578",296.755500879177,0.363594701604615,0.116455383268008,3.12218028399637,0.00179516970698927,0.0169442503831364
"ENSG00000100592",756.545849312644,1.00275533861157,0.184386699687477,5.43832792881037,5.37829169508401e-08,2.0999065368306e-06
"ENSG00000100600",1177.37702665358,-0.496985571810566,0.127493277454207,-3.89813158571496,9.69377402760857e-05,0.00150919748012111
"ENSG00000100605",593.951440667363,-0.45975232714411,0.130979243169842,-3.51011592384868,0.000447911373055577,0.00552384397361506
"ENSG00000100626",440.101753014702,0.991723342262412,0.157260806632445,6.30623334255369,2.85907895893188e-10,1.91136627524277e-08
"ENSG00000100644",6205.29900466384,-0.569769064775862,0.208121738015539,-2.73767204814195,0.00618757453034172,0.0442456194503882
"ENSG00000100647",838.937548915556,-0.663730518317837,0.155718063443467,-4.26238615893656,2.02255541304601e-05,0.000396092648592836
"ENSG00000100714",745.358093906986,-0.300657910749681,0.103148187658041,-2.91481525343352,0.00355899155234256,0.0290104640352134
"ENSG00000100739",134.535733471037,1.75216653895746,0.348103544655795,5.03346365142591,4.81696185273886e-07,1.45803316014905e-05
"ENSG00000100767",208.81360047707,-1.09087834831376,0.309109979656558,-3.52909456215485,0.000416984102564762,0.00519761874323682
"ENSG00000100784",87.3238286571985,2.45369221838134,0.291703786884553,8.41158849731505,4.04494815771173e-17,7.91319594853394e-15
"ENSG00000100802",122.061117001856,0.417149655453325,0.151127605495637,2.76024789835876,0.00577575160956683,0.0418488669254579
"ENSG00000100813",4223.16881185316,0.297573757561159,0.100386086839385,2.96429283110985,0.00303379441079402,0.0255821547752299
"ENSG00000100842",222.955639601661,0.643704491460962,0.236191089617868,2.72535467998563,0.00642324451420432,0.0456504777424426
"ENSG00000100906",562.219961153394,-0.827794865158959,0.198208076185511,-4.17639321812594,2.96167674579354e-05,0.000548781279367627
"ENSG00000100968",3760.04125539062,0.497626316411242,0.180577441499236,2.75575017720775,0.00585577036150056,0.0423296352269498
"ENSG00000100994",3044.43527810071,-0.585116125516378,0.0957243682808796,-6.11250965688798,9.80763707656111e-10,5.91801737233404e-08
"ENSG00000101004",442.937415823218,0.580053085141562,0.115960607258784,5.00215632578643,5.66925885850479e-07,1.69940606266631e-05
"ENSG00000101134",330.731962470622,0.952241045530772,0.33161983482261,2.87148398719921,0.00408549480084081,0.0321468139798847
"ENSG00000101150",3807.09163827478,-0.300863901875382,0.0820585950603518,-3.66645202314401,0.000245939035051153,0.00334121123276731
"ENSG00000101224",2550.8899566247,0.574033313540176,0.205035611143018,2.79967616522855,0.00511538958261591,0.038226584396026
"ENSG00000101255",284.172619498846,1.10258739330343,0.272787906740781,4.0419218229904,5.30149087906305e-05,0.000898523832727811
"ENSG00000101265",1645.91737938986,1.08162730958103,0.396060518119955,2.73096473921553,0.00631492276558799,0.0450010888030877
"ENSG00000101290",2089.81269524716,-0.754329026438109,0.140230915078724,-5.37919207055474,7.48208512525077e-08,2.79226008138124e-06
"ENSG00000101342",42.9011868528458,-4.18684451068885,0.507386713539043,-8.25178192287581,1.56049993523708e-16,2.8157176015904e-14
"ENSG00000101347",12703.3870621821,-3.85772301621109,0.279493478499943,-13.80255108962,2.45990817881266e-43,4.57173935032333e-40
"ENSG00000101367",1786.30732662398,-0.267343218604223,0.09587938690266,-2.78832841177467,0.00529808051707988,0.0392759578819025
"ENSG00000101384",1104.95021234459,0.532523472475212,0.126910895958876,4.19604217944983,2.71619684236053e-05,0.000509389690365998
"ENSG00000101439",3936.90159429254,-0.365258952699058,0.116389903908097,-3.13823570975255,0.00169968136028323,0.0162409141803927
"ENSG00000101460",471.368353621014,-0.589713827195565,0.138239346855327,-4.26588985415798,1.99106999180604e-05,0.000391163169109041
"ENSG00000101557",1304.63487376999,-0.234361950850218,0.0855766383459882,-2.73862067241631,0.00616975136653739,0.0441528029060829
"ENSG00000101558",2561.50909351299,-0.503370839444389,0.116409548915125,-4.3241370156962,1.53130106931968e-05,0.000311711176049356
"ENSG00000101608",3572.07546993064,-0.849892244704759,0.154962812110707,-5.48449162175494,4.14660135950106e-08,1.67168299926957e-06
"ENSG00000101782",1428.27787020925,-0.545111395354577,0.144149801210845,-3.78156189447154,0.000155847461471629,0.00226283208707049
"ENSG00000101825",4767.14944686345,1.35155768531083,0.265401518242387,5.09250170934014,3.53369527604091e-07,1.10376011269278e-05
"ENSG00000101843",614.904155021498,0.399120401689635,0.120394876143464,3.3150945827133,0.000916121216193881,0.00986449177460213
"ENSG00000101938",196.014029522831,-1.09843119481166,0.390468895152097,-2.81310805661945,0.0049065160196654,0.0370380179632338
"ENSG00000101955",4345.76801538559,-0.926301727710463,0.194595373762131,-4.76014259641522,1.9345622853119e-06,5.0496966393991e-05
"ENSG00000101974",1376.22533998386,-0.366980068089881,0.103883144524221,-3.53262379350017,0.000411457536219439,0.00513907144532142
"ENSG00000102007",653.137646065491,-0.459226537051344,0.145732231597331,-3.15116657459978,0.00162619716918088,0.015651410869615
"ENSG00000102098",49.2493827355269,0.625036616785522,0.227683088035209,2.74520440749146,0.00604732181991995,0.0433936200861824
"ENSG00000102218",420.944346016092,-0.519604532167234,0.138892903580542,-3.74104449379534,0.000183257071205987,0.00258998682004811
"ENSG00000102221",228.382574316968,0.915098226813681,0.173300690253251,5.28040728214305,1.28897039134019e-07,4.56295518534428e-06
"ENSG00000102226",1449.02441241371,0.200875005100924,0.0644631894204466,3.11611955453774,0.00183247963069791,0.0172613451274814
"ENSG00000102316",3090.77544158572,0.380213049393984,0.131220161148739,2.89752006144094,0.00376125681971073,0.0301435784192289
"ENSG00000102385",110.999484660041,1.06156530499104,0.249840593016863,4.24897048222821,2.14755211685985e-05,0.000417929383160632
"ENSG00000102401",2671.32785089508,0.302391507131536,0.105453799778371,2.86752594754351,0.00413694879729631,0.0324684093740507
"ENSG00000102466",664.683572935525,-1.20746282052293,0.326944766314226,-3.69317066651693,0.000221475277742858,0.00304897632359334
"ENSG00000102524",64.0420778243889,1.71380523462325,0.282545908411325,6.06558149880664,1.31477078361568e-09,7.64658176558836e-08
"ENSG00000102547",559.00173474343,-0.55670635879193,0.147463100357726,-3.77522483551096,0.000159863406543749,0.0023067246976829
"ENSG00000102554",149.552913663167,-2.5869583630444,0.407754357211208,-6.34440397090451,2.23288211916559e-10,1.52566596267251e-08
"ENSG00000102580",2147.30454400927,-0.402042253701357,0.111941950965213,-3.59152444847325,0.000328749329156793,0.00423409998778864
"ENSG00000102760",1136.3985343965,-3.16728940372107,0.685152929722796,-4.62274809946812,3.78689474366248e-06,9.14018685856716e-05
"ENSG00000102780",466.198867502867,-0.793790863621919,0.19116662303925,-4.15235071374849,3.29077423026334e-05,0.000600999532368778
"ENSG00000102781",615.917215004906,-0.334132371564904,0.108401954942785,-3.0823463630454,0.0020537571623347,0.018923687090724
"ENSG00000102804",5397.33684521952,-1.19399433406481,0.16157746500807,-7.38960927506306,1.47260901066695e-13,1.84921881508414e-11
"ENSG00000102882",2415.57688559492,0.265621567261322,0.0906777464796165,2.92929166828193,0.0033973546787107,0.0280123499129718
"ENSG00000102900",610.359550222834,-0.378173374884288,0.107323097712722,-3.52369045381607,0.000425581119276444,0.00528351710203922
"ENSG00000102935",36.1481178397062,1.13313715307635,0.313599172231165,3.61332954106483,0.000302290110860395,0.00397036163274943
"ENSG00000102974",698.774444417862,0.270009770124428,0.0973554064560992,2.77344402281536,0.00554663820087662,0.0406483718309511
"ENSG00000102984",90.3336253586407,1.39523257876672,0.214822032407788,6.49482999080002,8.31272299194386e-11,6.20449625724002e-09
"ENSG00000102996",165.315942416665,-1.26671435659078,0.287558403365511,-4.40506812447653,1.05750638893188e-05,0.000225645881036728
"ENSG00000103005",643.60464314004,-0.352680507705833,0.107634847343745,-3.2766387132924,0.0010505069655304,0.011061570512398
"ENSG00000103035",714.461637887526,-0.301833843087205,0.0991938546640365,-3.04286837233513,0.00234334809476032,0.0210087430492622
"ENSG00000103064",780.765707845921,-1.42507695674727,0.173569382418448,-8.21041670420669,2.20422174793906e-16,3.90147249385214e-14
"ENSG00000103111",925.004830834631,-0.413207530579392,0.102822420243814,-4.01865205661945,5.85320307238154e-05,0.000980016027929829
"ENSG00000103150",151.998922677364,-0.767804285275974,0.205470482800945,-3.7368106348385,0.000186369171441815,0.00262399322064101
"ENSG00000103175",250.45717439452,-1.70905424181848,0.363366478977145,-4.70338994017655,2.55877055746899e-06,6.48768769584736e-05
"ENSG00000103196",3082.06913512982,-2.70054569594482,0.261065543386243,-10.3443206672027,4.44054373232278e-25,2.23047311527619e-22
"ENSG00000103222",5088.57704724801,0.400611571491449,0.125709604741067,3.18680161564915,0.00143855408941505,0.0142285938008402
"ENSG00000103257",403.748984350973,1.16596878613007,0.287745374991696,4.05208523738641,5.07631631087397e-05,0.000864741875688293
"ENSG00000103342",2363.05178578092,-0.232579158002322,0.0819698862196828,-2.8373731955538,0.00454864107226349,0.0349613293333404
"ENSG00000103365",1205.06680747958,0.414339852457433,0.148025645017698,2.79910857613824,0.00512439033021971,0.0382784542954716
"ENSG00000103381",663.160500434339,-0.932134572940989,0.156553620236115,-5.95409145783494,2.61520534307009e-09,1.38867403717022e-07
"ENSG00000103404",244.968716557888,-0.528658485878536,0.131782883843898,-4.01158686514063,6.03119773024295e-05,0.00100438897685094
"ENSG00000103479",2340.68364120579,-0.336975276927737,0.119268002070052,-2.82536196699106,0.00472272313971391,0.036031120505576
"ENSG00000103485",865.205449337359,1.21092810705946,0.137659525983255,8.79654421595757,1.41093986696367e-18,3.19784358872193e-16
"ENSG00000103502",3319.86908904901,-0.822550751632908,0.0835990481025404,-9.83923585617851,7.62880516796054e-23,2.95377800096972e-20
"ENSG00000103540",364.299185486412,0.274862869792869,0.100619429170983,2.73170770354692,0.00630070122075974,0.044934202681435
"ENSG00000103647",544.426327334242,1.26343232103338,0.261302864234891,4.83512618483069,1.33061201699864e-06,3.58867951213997e-05
"ENSG00000103710",1054.92878892262,1.0336386841084,0.263769446669733,3.91872029592047,8.90203450893267e-05,0.00140325963824015
"ENSG00000103742",370.82982255279,2.13199669327633,0.652872398205243,3.26556414260616,0.00109246260137173,0.0114385450402781
"ENSG00000103876",374.629630284978,0.399414104567206,0.14324092774856,2.78840769077065,0.00529678399717316,0.0392759578819025
"ENSG00000103978",749.228847297362,-0.402771311506176,0.140684958718512,-2.86293087175053,0.00419742129025078,0.0328182897262561
"ENSG00000104047",1273.76410513537,0.420584033870154,0.100912094643857,4.16782582260825,3.07518767704681e-05,0.000565305271789466
"ENSG00000104093",608.758061006174,0.463768428358901,0.121093903297763,3.82982475359242,0.000128234549097447,0.0019127119542344
"ENSG00000104142",887.817549260314,-0.436806625958787,0.135404925293718,-3.22592863598774,0.00125564661131863,0.0127500695121718
"ENSG00000104205",87.6010030941665,-0.614207323094151,0.19564826297273,-3.13934462673845,0.00169326182088435,0.0161878965746583
"ENSG00000104313",89.7778633996765,0.954994027263138,0.230157231443267,4.14931141322205,3.33476890064974e-05,0.000604206820551627
"ENSG00000104331",2599.80540599986,-0.317724396989505,0.0968705680859666,-3.27988576166441,0.00103849127968657,0.0109598866740346
"ENSG00000104343",368.115484197733,-0.445121577643587,0.153149503000719,-2.90645133625733,0.00365553754430613,0.0295511810617353
"ENSG00000104365",1010.48964663683,-0.253810079830921,0.0882721886232509,-2.87531196166657,0.00403628483303512,0.0319104146898223
"ENSG00000104388",2806.8124303193,-0.414887079140176,0.105156970207715,-3.94540731176123,7.96644440073499e-05,0.00127196193460189
"ENSG00000104415",364.29857517492,0.846456876344887,0.308189209181946,2.74654936359294,0.006022582203604,0.0432824409619928
"ENSG00000104671",236.134530587553,-0.346083900577042,0.123448797077749,-2.80346110103508,0.00505573305717104,0.0379333059618586
"ENSG00000104687",1144.03358826208,-0.7915952042904,0.163428171665302,-4.84368879749554,1.27450501464177e-06,3.46803450909476e-05
"ENSG00000104695",1932.63016458974,-0.565890625199228,0.149968029977081,-3.77340840768337,0.000161032355021272,0.00231909521321575
"ENSG00000104738",515.527879459613,0.47692673803878,0.153101353239123,3.11510465419524,0.00183879657333108,0.0173033085141054
"ENSG00000104756",1778.58667592707,-0.82670484421796,0.105528808870596,-7.83392566509209,4.72868416515942e-15,6.86582775074124e-13
"ENSG00000104825",419.368083450818,-0.33830430393505,0.106555366224643,-3.17491568863671,0.00149880042866639,0.0146760832280109
"ENSG00000104885",299.145842251327,-0.356626105777115,0.126579990984867,-2.81739714944167,0.00484146181289168,0.0366759873123589
"ENSG00000104886",481.575926421554,-0.406124743270223,0.131023089135753,-3.09964255879693,0.00193754311221825,0.0179507670690809
"ENSG00000104894",23.7761043008086,1.18136786984906,0.370940245232735,3.1847929283269,0.0014485762106226,0.0142821161137512
"ENSG00000104936",1257.90018171326,-0.822480887369602,0.179397334051722,-4.58468846104743,4.54663834776366e-06,0.00010642225905943
"ENSG00000104951",7.10214120013008,2.26182597208204,0.696905880434024,3.24552573824374,0.00117233966354101,0.0120641930492301
"ENSG00000104964",3353.14579241503,-0.374009211922068,0.0819867584576925,-4.56182460384828,5.07110017574186e-06,0.000117660919807943
"ENSG00000105137",1403.76360601782,-0.529387735083353,0.105577233610242,-5.01422245100383,5.32483540694613e-07,1.6039232745234e-05
"ENSG00000105186",542.606012790415,-0.384353588565186,0.110764351282922,-3.47001164285648,0.000520435804671881,0.00622700322268648
"ENSG00000105204",419.724039090317,0.361391353101285,0.124627315468091,2.89977643940999,0.00373428896701256,0.0299662178117135
"ENSG00000105281",5235.67342065344,-0.406894491409148,0.0983082973397297,-4.13896387609093,3.48877872451937e-05,0.000626282463894662
"ENSG00000105327",292.689164828716,0.752426069698915,0.224435744325035,3.35252333340106,0.00080078491063653,0.00887453044971968
"ENSG00000105402",1676.51745341426,-0.344906643497245,0.0864852624910508,-3.98803950595553,6.6621571255432e-05,0.0010969215600291
"ENSG00000105419",884.863209039937,-0.683418722055173,0.159444169589319,-4.28625721351529,1.817085876656e-05,0.000362734060339976
"ENSG00000105486",143.606718762239,1.00916516210373,0.21585250437818,4.67525343294436,2.93590827941283e-06,7.33385152861389e-05
"ENSG00000105516",84.5749847267979,1.6552053897199,0.203377352640906,8.13859246482778,3.99899580144505e-16,6.72993193642276e-14
"ENSG00000105552",508.165620817541,-0.750414588182359,0.162453375535013,-4.61926128472859,3.85108657540723e-06,9.27388517691606e-05
"ENSG00000105559",1206.91440951994,0.572662235662666,0.212097766448522,2.69999182571146,0.00693411797541754,0.0483204284113742
"ENSG00000105607",184.034306274916,-0.453404860323188,0.154530167459514,-2.93408638440761,0.00334531089118114,0.0276691601747225
"ENSG00000105643",321.485108372957,-0.791408795403686,0.141709600816006,-5.58472249478169,2.34073672527502e-08,1.00005958710888e-06
"ENSG00000105664",5.6146508213934,-2.08198743985099,0.742939836479303,-2.80236344535954,0.00507296874945363,0.0380260762993982
"ENSG00000105711",101.371500518373,1.28635427392688,0.244849241325313,5.25365840206052,1.49107319694418e-07,5.1700737621656e-06
"ENSG00000105726",887.12963192906,-0.326535982044545,0.107687400917318,-3.03225799177063,0.00242731647433547,0.0216155614161594
"ENSG00000105750",41.1543258017422,0.901857365872192,0.264607519954085,3.40828320385105,0.000653730086032082,0.00751830052531327
"ENSG00000105771",583.563861856007,0.3420531540349,0.0920858184111188,3.71450414338284,0.000203602534068246,0.00283867449036636
"ENSG00000105778",762.975704376838,-0.292738991913012,0.1089603177055,-2.68665692315833,0.00721710386020087,0.0498068604685604
"ENSG00000105792",247.207469283246,-0.865097737779296,0.295666351599348,-2.92592556812678,0.00343433094444604,0.0282410393068005
"ENSG00000105810",1427.53208803059,0.714339862651428,0.224493138434753,3.18201200995302,0.0014625575348149,0.0143818157590132
"ENSG00000105835",2640.34127405734,-1.05562424638827,0.155195501752504,-6.80189976170645,1.03248432181172e-11,9.52186205539127e-10
"ENSG00000105855",1835.43358863231,0.46809406486203,0.119498985540503,3.91713839866342,8.96063103107087e-05,0.00141010438367868
"ENSG00000105889",230.620130556521,-1.03898578237364,0.312788252230631,-3.32169055251971,0.000894738642304772,0.00970019056305581
"ENSG00000105971",1473.28550438756,-0.616635350158864,0.177656150275731,-3.47094851037701,0.000518623435443001,0.006210448806513
"ENSG00000105974",12275.6103523487,-0.676044624989297,0.188178273076684,-3.59257534855687,0.000327425934352172,0.00422290838996192
"ENSG00000105989",333.214688163837,3.11657412142284,0.903537603413806,3.44930206517979,0.000562037605127775,0.00661524312305237
"ENSG00000105993",2096.00711286117,-0.337913722059531,0.102123239632228,-3.30888173227217,0.000936693957894097,0.0100568788026931
"ENSG00000105996",57.131016251502,0.763914728775471,0.23888003711433,3.19790108040655,0.00138431757233986,0.0137912060986091
"ENSG00000105997",126.671881858741,0.72990680975734,0.249241179940002,2.9285161060987,0.00340584186907793,0.0280450027190135
"ENSG00000106003",16.4283478600928,2.63234269457026,0.604235744977968,4.35648290662818,1.32169009555217e-05,0.000275068425821243
"ENSG00000106034",2427.54990954247,-1.09508340545331,0.336872406228463,-3.25073643672267,0.00115106512760064,0.0119112168131726
"ENSG00000106077",88.3452724664464,0.575212381714879,0.197374987477063,2.91431244185246,0.0035647293934443,0.0290190520267903
"ENSG00000106086",469.813850145084,-0.668402008505221,0.144441592601284,-4.62748988340412,3.70124305935774e-06,9.00361286101618e-05
"ENSG00000106105",2894.71467135258,0.321163185353079,0.110177204508455,2.91496945113026,0.00355723360742515,0.0290088576542328
"ENSG00000106123",2287.85834096414,-1.32840471813189,0.339472395700234,-3.91314503022188,9.11017813302938e-05,0.00143242521660195
"ENSG00000106211",8366.63601535081,-0.477776249377442,0.116047919146484,-4.1170600290933,3.83736148855292e-05,0.00068377145987302
"ENSG00000106261",2975.63146533194,0.345542856326133,0.11446766408208,3.01869404863855,0.00253866764263883,0.0224031994959367
"ENSG00000106333",5778.43827981162,0.614145433037797,0.123693498524947,4.96505831237311,6.86804307899969e-07,1.98685204740639e-05
"ENSG00000106348",847.963169064764,-0.437361548860613,0.153727357981627,-2.84504693636175,0.00444048793335121,0.0343430995594392
"ENSG00000106397",1764.42201776526,-0.327434260007478,0.121036940088486,-2.70524238111192,0.00682545670578531,0.0476525593076709
"ENSG00000106415",216.918284936409,-0.581102726464319,0.202952973021753,-2.8632383049744,0.0041933504887819,0.0328002604520251
"ENSG00000106443",616.987214595776,0.380758713715382,0.128105475701279,2.97222824887868,0.00295646803550241,0.0251070415568121
"ENSG00000106462",103.242429184274,0.941359990224558,0.246750541938144,3.81502704241493,0.000136168020945619,0.00201808825300984
"ENSG00000106484",677.213238740759,1.77270432369575,0.611214730841071,2.90029712022221,0.00372809088879908,0.0299294035284367
"ENSG00000106524",340.8573345383,0.647669374621682,0.117503993259468,5.51189246131849,3.54995808590801e-08,1.45321522085023e-06
"ENSG00000106571",811.065131971017,0.509202448748514,0.109656367574725,4.64361951805053,3.42357792350097e-06,8.37199943529809e-05
"ENSG00000106615",2192.91734771394,-0.956341351583847,0.1456909539194,-6.56417797986907,5.23206797066857e-11,4.08562954768384e-09
"ENSG00000106617",1018.35298653981,-1.57419755215152,0.259255527125699,-6.07199225260213,1.26333029242387e-09,7.40662255037782e-08
"ENSG00000106772",5663.01511650358,-0.818907928101561,0.226537026606931,-3.61489660373474,0.000300467515574522,0.00395200904242923
"ENSG00000106780",1353.02487166425,-0.305455761832912,0.112645486747286,-2.71165557230168,0.00669481168937158,0.0470764567714608
"ENSG00000106948",522.184037803054,0.772133044575366,0.246117915234807,3.13724843572935,0.00170541553583194,0.0162706097194233
"ENSG00000106976",884.745882993046,1.75522147738355,0.203196600977994,8.63804546402641,5.71828632005049e-18,1.22154426733492e-15
"ENSG00000106991",2739.5235211551,0.421235396319842,0.143287292962718,2.93979589962276,0.00328428508864162,0.0272736543218965
"ENSG00000106993",403.690610358141,-0.580683655015504,0.169502722305817,-3.42580725026843,0.000612975209393318,0.00711120116515282
"ENSG00000107104",1276.71448146957,-1.23016202861712,0.265880251733191,-4.6267521585303,3.71444562098231e-06,9.02391789097467e-05
"ENSG00000107130",1076.00911398245,0.487527238258488,0.150683573892378,3.23543718578569,0.00121456605960069,0.0124230656123714
"ENSG00000107249",695.771958899611,-0.371660502972158,0.129557540351637,-2.86869063709777,0.00412174726364316,0.0323627684388712
"ENSG00000107338",118.379905137904,0.995539756229046,0.177023276725047,5.62377883093488,1.86824817030212e-08,8.20836696100824e-07
"ENSG00000107362",200.424340231083,-0.466492004225252,0.15706424018039,-2.97007137773361,0.00297730562336613,0.0251972791485699
"ENSG00000107372",5461.99371575763,-0.79591822033962,0.283701684180948,-2.80547583859944,0.00502423479628806,0.0377321878703535
"ENSG00000107438",2869.89772446901,-0.743216225249295,0.214276602982677,-3.46848986265373,0.000523392273030845,0.00624742799889419
"ENSG00000107562",25136.3075719089,1.94924839948339,0.279025088063127,6.98592521917738,2.82984785602046e-12,2.88971002220551e-10
"ENSG00000107611",41.0823697386133,1.54274790156664,0.34153384694181,4.51711569843175,6.26876573747749e-06,0.000141047229093244
"ENSG00000107731",562.142033392034,1.02606065254197,0.245852731498535,4.17347672441086,2.99986320724256e-05,0.000553099778835348
"ENSG00000107796",2427.809962315,-1.18023425588584,0.287264081130851,-4.10853404031476,3.98178522518318e-05,0.000706120977194936
"ENSG00000107821",484.077789657041,1.08430766325622,0.312359794305116,3.47134196854112,0.000517864046486164,0.00620535351640578
"ENSG00000107882",736.642276282968,0.491386539538848,0.0995905493511267,4.93406796870218,8.05343936455867e-07,2.28508657389806e-05
"ENSG00000107929",1240.24975398042,-0.599688651017801,0.149022817640066,-4.02413979627082,5.71839433675916e-05,0.000959172912894124
"ENSG00000107937",774.499204520611,-0.500899081131378,0.152233254911676,-3.29033942959438,0.00100066594744249,0.0106392314835347
"ENSG00000107968",536.659556658061,-1.1322667342965,0.176578774703173,-6.41224709028495,1.43390180471873e-10,1.00562509587538e-08
"ENSG00000108061",1266.62761421724,-0.275191710968284,0.0941818287216361,-2.92191938406336,0.00347881571228402,0.0284567737732388
"ENSG00000108256",2441.32137688442,-0.389830657931701,0.0713762755685719,-5.46162789843506,4.71788161740544e-08,1.87354337306581e-06
"ENSG00000108262",1191.10961962947,-0.585304749500471,0.162240704891756,-3.60763194348159,0.000309004408440392,0.00403289812560722
"ENSG00000108387",19.0735217743043,-1.93284942500248,0.476849285984702,-4.05337594458406,5.04837761030489e-05,0.000860771540252445
"ENSG00000108468",1454.48047071438,0.466076616299855,0.0897388966114371,5.19369675691393,2.06158841641525e-07,6.86641948370562e-06
"ENSG00000108588",1295.80217055293,-0.268166822316834,0.0807021002114529,-3.32292247183397,0.000890796683919456,0.0096758950149872
"ENSG00000108602",7.42552197672761,2.4752116439731,0.834349347869034,2.96663699719416,0.0030107619546796,0.0254225401761564
"ENSG00000108604",2178.07169386197,-1.27764833867453,0.185419633820454,-6.89057740191475,5.55663823937237e-12,5.32320214838843e-10
"ENSG00000108684",7.4457878610527,2.35164449384246,0.756209027514675,3.1097810370914,0.00187226079741015,0.0175085069491908
"ENSG00000108700",15.0228073646638,3.68991251279369,1.00078658157253,3.68701237680041,0.000226902325199412,0.00311216215042884
"ENSG00000108797",1571.49402615978,0.613129005964273,0.160698900539285,3.81539017321643,0.000135967920644927,0.00201673089001275
"ENSG00000108821",100990.694351515,1.29949886151116,0.115281510337022,11.2723962213204,1.79614087753905e-29,1.58958467662206e-26
"ENSG00000108828",12535.8419444865,0.606063056337088,0.164462600008675,3.68511172938478,0.000228602334402287,0.00313085805811828
"ENSG00000108829",1662.04560941713,-0.499593475484034,0.167621457659493,-2.98048640347055,0.00287791013506984,0.0246299114078994
"ENSG00000108830",158.263285028196,2.36510458476175,0.296958702837834,7.96442253471623,1.65997131200196e-15,2.61445481640309e-13
"ENSG00000108840",2773.77478353325,-0.568076513200795,0.154469421453792,-3.67759850366714,0.00023544016555979,0.00321502974057949
"ENSG00000108846",411.610218243128,-0.803158084695992,0.287035752856904,-2.79811165230134,0.0051402340630854,0.0383659638804989
"ENSG00000108861",2104.71941851272,-0.503240248410284,0.146325334256889,-3.43918741731212,0.000583463151580334,0.00682420558346162
"ENSG00000108946",7472.07245273415,-0.267766835087467,0.0931291317239395,-2.87522099831449,0.00403744793051235,0.0319104146898223
"ENSG00000108950",1011.56504804899,-1.08597538603662,0.198378410739194,-5.47426195214531,4.39338777159171e-08,1.75972223566879e-06
"ENSG00000108960",1723.1175228423,-1.64293212023607,0.230507767746985,-7.12744796539535,1.02246906551864e-12,1.15167197470691e-10
"ENSG00000109184",1178.88050139009,-0.349332093713207,0.113009500103253,-3.09117457730576,0.00199366380679829,0.018433951168829
"ENSG00000109189",647.359833692113,-0.73162689067101,0.123706955016669,-5.91419367304308,3.33505283745943e-09,1.72651690763742e-07
"ENSG00000109339",774.987892894209,0.746479578849803,0.173219556871121,4.30944168391562,1.63667207553999e-05,0.000330625549172942
"ENSG00000109572",1732.05721017823,0.388894256879562,0.107725799351096,3.6100382565934,0.000306151847448067,0.00400128838595101
"ENSG00000109586",374.985115366083,-0.35084507511286,0.129343562785008,-2.71250511087303,0.00667767516191733,0.0469915156699105
"ENSG00000109625",41.4976447528978,1.77439005410335,0.314954740967433,5.63379375923359,1.7628782880638e-08,7.78220735954054e-07
"ENSG00000109654",1280.00084110826,0.866433320681129,0.160173730752021,5.40933470559246,6.32593061103252e-08,2.4190827244041e-06
"ENSG00000109674",47.9140323100117,1.36451105542254,0.353403898995965,3.86105263495726,0.0001128995765767,0.00171284786177794
"ENSG00000109680",595.68896735416,0.735298934501692,0.247444205603521,2.97157467360484,0.00296276814712557,0.0251314678294518
"ENSG00000109685",829.670176027808,0.347314342370568,0.0873933641896741,3.9741500466417,7.06310277852698e-05,0.00115151247157391
"ENSG00000109686",5937.34744308032,-0.734459008290574,0.126398879264213,-5.81064494057202,6.22326262577734e-09,3.02349692982653e-07
"ENSG00000109689",1142.67182682266,1.02094095730316,0.179395667874286,5.69100117857135,1.26296636146405e-08,5.7389314982419e-07
"ENSG00000109736",1043.76099095769,-0.499720615492278,0.122429817910139,-4.08169042495075,4.47093240911794e-05,0.000777289792548709
"ENSG00000109775",324.128892788154,0.504616303880487,0.108335737048565,4.65789330121305,3.19461702406139e-06,7.87426490612479e-05
"ENSG00000109814",1778.54235676844,-0.404957692230548,0.136897576023632,-2.95810710454539,0.00309534553751024,0.0259889946803626
"ENSG00000109861",4058.013382052,-1.00951030194377,0.236414409895305,-4.27008786135679,1.95395977768029e-05,0.000386322792214768
"ENSG00000109881",67.0435340737273,1.31304954115238,0.220200824814059,5.9629637730065,2.47703355480056e-09,1.33291857872332e-07
"ENSG00000109906",385.071028862516,-7.17608054169646,0.496600506795377,-14.4504092192829,2.49200862821276e-47,5.78924754441678e-44
"ENSG00000110057",335.309042313102,-0.697218954172477,0.151074370810928,-4.61507104368521,3.92960871644223e-06,9.39993870372845e-05
"ENSG00000110090",2273.74819049602,-0.729911175051951,0.160749624792534,-4.54067109639594,5.60754513220954e-06,0.000128503361630227
"ENSG00000110108",2133.64961960124,-0.345070741992489,0.122263773537068,-2.82234657093967,0.00476736273644629,0.036267472966375
"ENSG00000110203",19.0698891655791,1.44570532261792,0.470752544512029,3.07105153115317,0.00213306333685239,0.0194901143351515
"ENSG00000110237",2622.18519825523,-0.396781716378919,0.0866742136647258,-4.57785193083788,4.69775017638064e-06,0.000109683023904565
"ENSG00000110400",150.694189269404,0.897414190823311,0.198466144066364,4.52174951574223,6.1330609235341e-06,0.000138161136077432
"ENSG00000110422",2510.67041254672,-0.572338770108929,0.15930953589775,-3.59262091175931,0.000327368669691468,0.00422290838996192
"ENSG00000110442",418.559284832551,0.376605768787941,0.112705358048854,3.34150723007059,0.000833248463418768,0.00916869312767188
"ENSG00000110492",1553.82462503139,0.483701195167662,0.158702145769663,3.0478554201132,0.00230480788644062,0.0207332306725551
"ENSG00000110583",402.374961370715,0.516212823798529,0.152590878150536,3.38298612640048,0.000717022543610345,0.00813544809096353
"ENSG00000110628",247.265209171596,-0.707498655205827,0.152467584750713,-4.64032178618556,3.47867064807531e-06,8.48439553733329e-05
"ENSG00000110756",995.251537070175,-1.59106607704953,0.170864388011341,-9.31186478099766,1.25607364322418e-20,3.91702633750884e-18
"ENSG00000110768",1350.05273263877,-0.375365478205388,0.106023503556188,-3.54039873815771,0.000399522917863852,0.00501021149021572
"ENSG00000110900",262.805275325959,1.45473122601066,0.308519215629482,4.71520460416873,2.41467978808301e-06,6.13910039145318e-05
"ENSG00000110906",2888.33126140356,-0.518665026192323,0.14848488200382,-3.49304938787628,0.000477538180957235,0.00581588931395165
"ENSG00000110911",1026.96488696996,-0.329805429700824,0.0982445438756357,-3.35698469034894,0.000787974756369404,0.00876916817193137
"ENSG00000110931",1159.95282055055,-0.280378347293618,0.0972876459226602,-2.88195222152366,0.00395219656546074,0.0313895611833709
"ENSG00000111110",18.0062628577334,1.30357738323872,0.453986675785138,2.87140009337118,0.00408657935718216,0.0321468139798847
"ENSG00000111203",274.616955571462,0.447693879957405,0.13789222189414,3.2466942210932,0.00116753755228436,0.0120414458430659
"ENSG00000111206",144.929526611415,0.656802398593455,0.175362244225024,3.74540370132725,0.000180103923616994,0.00254930039636088
"ENSG00000111224",246.918850474995,0.445522572321544,0.145123217715343,3.06996068124282,0.00214086953144295,0.019532675621928
"ENSG00000111231",240.48514342176,-0.745955677741467,0.133445493700236,-5.58996528887768,2.27115007812527e-08,9.77067689860142e-07
"ENSG00000111371",2467.45839246792,-0.820940477354376,0.209333440501312,-3.92168817074035,8.79307406487013e-05,0.00138843909511989
"ENSG00000111450",1137.3855566532,-0.651093031123207,0.116661946720241,-5.58102319931748,2.39107744901103e-08,1.01689186246842e-06
"ENSG00000111452",7918.7765869612,-0.710321763814239,0.262428553099327,-2.70672438431419,0.00679506450085374,0.0475117658947956
"ENSG00000111481",2047.87616928968,0.243590117959259,0.0765739918421179,3.18110773774859,0.00146713057288161,0.0144191547842436
"ENSG00000111602",177.392039302349,0.486939543410209,0.165021806706133,2.95075877018689,0.00316994385804815,0.0264627108430472
"ENSG00000111642",4537.5404637139,0.435718178656745,0.118099988614486,3.68940068300143,0.000224782957836965,0.00308953406068455
"ENSG00000111684",650.863161374537,-0.464829355758549,0.132420460753461,-3.51025327289839,0.000447680055498674,0.00552384397361506
"ENSG00000111726",522.302688721402,-0.317761806893631,0.114307547749643,-2.77988473333007,0.00543781964697031,0.0400657872848724
"ENSG00000111728",193.414395562819,1.49520890609861,0.28810546923203,5.18979702150125,2.10523441342931e-07,6.99924536200067e-06
"ENSG00000111737",1129.04711056533,-0.404702103857584,0.130336752385958,-3.10504977643732,0.00190247005544237,0.0176963993895878
"ENSG00000111752",881.700179865358,0.404831237909203,0.138533845062135,2.92225511915612,0.00347506766805751,0.0284481034270427
"ENSG00000111801",768.564876223611,0.754327624936115,0.145952156163033,5.16832121406625,2.36206094102076e-07,7.7286800332519e-06
"ENSG00000111816",88.8407294923007,1.13763474461713,0.223332901635547,5.093896762572,3.50777826200069e-07,1.09750941076234e-05
"ENSG00000111859",1772.5459327153,-1.66697998306996,0.286500057290509,-5.81842809678623,5.94036028012948e-09,2.90689682087362e-07
"ENSG00000111885",5708.95222086195,-0.814162059540962,0.192334005319731,-4.23306350942737,2.3052937030708e-05,0.000445123964048429
"ENSG00000111911",370.516776276973,0.49687577778991,0.163111514970947,3.04623360207531,0.00231727722198062,0.0208252404112717
"ENSG00000112062",1279.75201697425,-0.303618521148246,0.0806353300890404,-3.76532868176988,0.000166330136746598,0.00238338133495414
"ENSG00000112078",2390.62610646576,-0.575693992071079,0.138722887360724,-4.1499568169605,3.32538004382092e-05,0.000604126961040193
"ENSG00000112137",44.376811426737,1.05021064793529,0.364601145313413,2.88043705137712,0.00397124245105213,0.031519481571895
"ENSG00000112146",1334.69337817024,-0.292242527034775,0.0901952277623918,-3.24011074959145,0.00119483282337582,0.012254949239757
"ENSG00000112218",58.546110035415,-1.42587534088967,0.439449241692956,-3.24468722575686,0.00117579693734262,0.0120930747540192
"ENSG00000112276",436.017292760154,-0.567280278692942,0.139923178407021,-4.05422664887433,5.03004298426715e-05,0.000858432955579476
"ENSG00000112290",629.604551309692,-0.53292557940149,0.121748324363928,-4.3772723952116,1.20173748134833e-05,0.000252936478945173
"ENSG00000112297",329.095749736391,-0.646409065555377,0.20834319439835,-3.10261665816378,0.00191817930072368,0.0178068742776971
"ENSG00000112304",293.891352480623,0.525203801147809,0.164406068677222,3.19455239927267,0.00140047859158205,0.0139261073432597
"ENSG00000112320",309.880213636159,0.907800201617727,0.244993588451156,3.70540391426903,0.000211054129123195,0.00292501192375435
"ENSG00000112343",1076.97454972126,-0.254319659273047,0.090390560345128,-2.81356436227419,0.00489955767734169,0.0370306138403397
"ENSG00000112531",2993.08987630351,-0.237658983335893,0.0859058755814908,-2.76650440644712,0.00566608191340823,0.0412310620049694
"ENSG00000112561",75.2783672832965,0.798789932116195,0.268482550015161,2.97520241844801,0.00292795275111366,0.0249157517763038
"ENSG00000112576",629.310108454083,-0.939665519208482,0.136667695225505,-6.87554961439869,6.17513099107399e-12,5.85534742189337e-10
"ENSG00000112658",1306.14067421004,-0.939020603943366,0.150097650572928,-6.25606463764816,3.94813164515817e-10,2.5836629093403e-08
"ENSG00000112715",1874.11967514758,1.18417466056427,0.256558115259408,4.61561958142286,3.91924289408361e-06,9.39859731439275e-05
"ENSG00000112773",516.800784800124,1.19084398007229,0.137838201630036,8.63943352415872,5.64924236076808e-18,1.22082754970785e-15
"ENSG00000112837",2754.96812806571,1.80341164678394,0.199386413997886,9.04480706896641,1.4992969491981e-19,4.03832373925315e-17
"ENSG00000112851",2682.3704566627,-0.383685345010765,0.106231391980609,-3.61178873642927,0.000304092256764006,0.00398277279207826
"ENSG00000112936",1960.69493279795,-3.21462102483633,0.634280840668047,-5.06813515201023,4.01732127339609e-07,1.23204481627172e-05
"ENSG00000112972",238.914443563558,0.401171924094609,0.121405230777346,3.30440394969758,0.00095178583636347,0.0102071204667138
"ENSG00000113119",136.348217209022,-0.503211593583505,0.168370267887929,-2.98872003885183,0.00280148698131641,0.0241940685630881
"ENSG00000113140",29889.2445771495,0.535727267406846,0.0905951363057033,5.91342194794093,3.35072344834418e-09,1.72981098020768e-07
"ENSG00000113389",2568.35416326074,-0.941525805339394,0.342109972284038,-2.75211447083364,0.00592118194417303,0.0427205571310681
"ENSG00000113441",1032.72365683547,-0.527045313252506,0.171720272211156,-3.06920846598952,0.00214626768328063,0.0195723183973358
"ENSG00000113456",944.895484182232,-0.830115293648114,0.0933331000799667,-8.89411465961037,5.88868714940332e-19,1.38533228698305e-16
"ENSG00000113460",388.604212325721,-0.986975029991294,0.19924269588136,-4.953632180218,7.28408375674568e-07,2.09234461544232e-05
"ENSG00000113552",1599.58459977283,0.584915096966023,0.143755185355895,4.06882781666586,4.72502475608689e-05,0.000815362907074047
"ENSG00000113580",2811.33538556594,0.99694563647174,0.172480086599339,5.78006224444673,7.46729928739753e-09,3.56760301430034e-07
"ENSG00000113657",4736.75473564831,0.60507976766666,0.117858662807616,5.13394393973696,2.83732642047285e-07,9.10737677452295e-06
"ENSG00000113719",6814.38731438154,-0.742096410130123,0.125387558414499,-5.91842140890042,3.25046259360699e-09,1.6921525854954e-07
"ENSG00000113721",20391.4209159604,-0.375650679395568,0.10292428303483,-3.64977698478061,0.000262468084448295,0.0035270928051132
"ENSG00000113810",717.645358277569,0.487328324851627,0.135565997265288,3.59476811798152,0.000324680626078222,0.00419511389392666
"ENSG00000113916",1688.0565858427,-0.804771265669098,0.131037064793083,-6.14155442919827,8.17178143580344e-10,4.99580782843444e-08
"ENSG00000114019",3390.28924016074,-0.918413915278998,0.160768450674983,-5.71265015880329,1.11230193456604e-08,5.14232125719153e-07
"ENSG00000114021",630.038726018768,-0.488770935223789,0.103227850744727,-4.73487466509862,2.19190509108522e-06,5.6273118362097e-05
"ENSG00000114098",1010.29346134236,-1.35685607691845,0.125611378617497,-10.8020156442216,3.36729088166437e-27,2.23503932270473e-24
"ENSG00000114209",467.4036912305,-0.415987040798899,0.107633143677296,-3.86486008479047,0.000111152897968094,0.0016891059760728
"ENSG00000114270",1546.90699729354,-1.22846580298822,0.184182878623689,-6.66981541480922,2.56125355555048e-11,2.17355695570346e-09
"ENSG00000114423",667.296813750762,-0.497928698215635,0.185254283826005,-2.68781205989979,0.00719218640938861,0.0496717890815635
"ENSG00000114450",1067.76700633774,-0.932465988939179,0.141511706182802,-6.58932051695169,4.41844009754885e-11,3.57029170491067e-09
"ENSG00000114626",1016.52204770743,-0.580908871913872,0.159514796849206,-3.64172404935589,0.000270818283659262,0.00362358373060287
"ENSG00000114650",1569.66328452091,-0.347188228925069,0.0870339757159527,-3.98911144836317,6.63212583084339e-05,0.00109465416133414
"ENSG00000114670",184.343268997634,1.25637870930823,0.19072008422868,6.58755324269775,4.47133665813031e-11,3.59739358404121e-09
"ENSG00000114698",2224.4277717148,-0.534672930554534,0.127944979300708,-4.17892857911914,2.92885637912939e-05,0.000544872830892089
"ENSG00000114735",361.157282100586,0.462644167932507,0.136305486719645,3.39417127708204,0.000688366257596494,0.0078645727513915
"ENSG00000114745",984.792573501924,-0.551894773590528,0.0776665832849588,-7.10594891969981,1.19498608403632e-12,1.32986924382126e-10
"ENSG00000114767",204.935333745445,-0.939061182669603,0.179826863036368,-5.22202949444593,1.76972772742116e-07,6.02388091833742e-06
"ENSG00000114850",2950.08740159226,-0.399673607854168,0.0971923160121781,-4.11219347632471,3.9191763584954e-05,0.000697680963818363
"ENSG00000114853",3379.39174943392,-0.752912363200711,0.108747502118072,-6.92349110127824,4.40646838046805e-12,4.37936977812828e-10
"ENSG00000114861",1705.79462553617,0.328792421727196,0.0863813859889221,3.80628787050675,0.00014106817804376,0.00207910554238167
"ENSG00000114978",2903.71735923588,-0.302285020386292,0.100049928535314,-3.02134169220918,0.00251657195731733,0.0222486303535344
"ENSG00000115084",1711.58940186377,-0.719677906421461,0.158707069013507,-4.53463044144689,5.77044312292433e-06,0.000131367507955266
"ENSG00000115091",3625.71334292267,-0.572484515602423,0.111429547545303,-5.13763654446928,2.78215306706292e-07,8.94572919573779e-06
"ENSG00000115129",619.804620359175,0.311310102342712,0.110196094800721,2.82505566922028,0.00472724021162936,0.0360507834768698
"ENSG00000115183",1151.16501906921,0.473144877121331,0.165186085415421,2.86431436359445,0.00417913031326559,0.0327165698702785
"ENSG00000115271",118.445279506609,-0.56031550657712,0.190584159421232,-2.93998991457995,0.00328222930160308,0.0272736543218965
"ENSG00000115307",1213.0819528389,-0.383836391154673,0.108155414562083,-3.5489336591128,0.000386794515639041,0.00488022815556795
"ENSG00000115419",3865.24139352938,-1.18611607150343,0.150478484099266,-7.88229678550577,3.2141748148001e-15,4.74090785183014e-13
"ENSG00000115828",345.356447958451,-1.14265186211978,0.301981474764592,-3.78384754565005,0.000154422435146735,0.00225270090832188
"ENSG00000115840",476.658861060647,-0.483874341537135,0.154356438970546,-3.13478559601565,0.00171979757051958,0.0163909937682597
"ENSG00000115841",181.602842152679,-0.76694603089184,0.143729718894026,-5.33602957546532,9.50039121792625e-08,3.44853067939764e-06
"ENSG00000115884",411.315041270806,0.84854572513804,0.175214166288203,4.84290593114657,1.27953874741364e-06,3.47664146501206e-05
"ENSG00000115946",173.591518732418,-0.716005553847038,0.234950899083511,-3.04746888239206,0.00230777418786423,0.0207498709634527
"ENSG00000115963",17487.7800489279,0.750427815547493,0.151403673702718,4.95647032330909,7.17853259861988e-07,2.06521715704877e-05
"ENSG00000115993",4937.87720074389,-0.934942692116394,0.175422824610618,-5.32965247932625,9.84008752947682e-08,3.5579382633332e-06
"ENSG00000115998",186.119336022077,0.385340091182093,0.122944044835034,3.13427211296928,0.00172281013043476,0.0164112897355869
"ENSG00000116001",1335.47494957933,0.505524740609754,0.0688446487854166,7.34297798780898,2.08892894126924e-13,2.55412791930848e-11
"ENSG00000116016",22076.2762784277,0.629615849899894,0.181917751637941,3.46099181762635,0.000538189169832133,0.00638305406594141
"ENSG00000116106",292.736191864111,-1.36119119386988,0.441515919798361,-3.08299459392435,0.00204928877716257,0.0188918809144674
"ENSG00000116128",477.240105711712,0.547967815923303,0.137673686906669,3.98019278945277,6.88594009450254e-05,0.00112952512494554
"ENSG00000116132",5566.26234944767,0.766664830399903,0.107526609701481,7.13000096002601,1.00368227304023e-12,1.13740457588126e-10
"ENSG00000116171",3020.56037479127,0.298540382233238,0.0883183149432534,3.38027715344272,0.000724127697522467,0.00820604466978966
"ENSG00000116194",237.044105094213,-2.01916677764153,0.420929526377402,-4.7969235967333,1.61121021668466e-06,4.28388295809506e-05
"ENSG00000116212",570.294914031832,-0.279113619374898,0.0986751316554872,-2.8286115730698,0.00467504019950917,0.0357554000443942
"ENSG00000116285",3232.63543712134,-2.43982453799067,0.229464078664003,-10.6327079697874,2.09926869094066e-26,1.18226995821613e-23
"ENSG00000116299",30.6985249888312,1.1188693589321,0.342733858841243,3.2645428225706,0.00109640888059913,0.0114604944015382
"ENSG00000116406",1677.75325138247,-0.36916623137761,0.117653448357099,-3.13774255266301,0.00170254344020691,0.0162515510201568
"ENSG00000116455",246.161493143625,-0.477006981026964,0.127744808243618,-3.73406158407062,0.000188416390301149,0.00265080894303319
"ENSG00000116584",2250.59694884394,1.01451699333403,0.0823216096902741,12.3238235640804,6.74202109192858e-35,8.35336413289951e-32
"ENSG00000116604",1650.08096718176,-0.344249247604671,0.117114606511729,-2.93942197184596,0.00328825054526877,0.027294388737749
"ENSG00000116649",1250.55822077301,-0.782273617655654,0.149926887653289,-5.21770063995918,1.81157941355331e-07,6.14383273738837e-06
"ENSG00000116675",50.8991386691628,-2.13169141888153,0.438227910599153,-4.86434425403676,1.1483689065037e-06,3.14785193619046e-05
"ENSG00000116679",744.014016365315,0.779355207302374,0.17411797055739,4.476018212293,7.60480004560216e-06,0.000167856542574247
"ENSG00000116690",24.9241878790234,-1.7303070098568,0.574671705048969,-3.01094867670465,0.00260432868037975,0.0228848456382306
"ENSG00000116704",634.153456428915,-0.856537791869868,0.145000573528968,-5.90713382039657,3.48110972335148e-09,1.79214471491655e-07
"ENSG00000116711",111.969948202533,2.50268210906889,0.397578630466982,6.29481042813928,3.07775761157723e-10,2.05018369932483e-08
"ENSG00000116761",49.9846613618064,-0.952907586686506,0.331586224076833,-2.87378521028577,0.00405584689433936,0.032021204133941
"ENSG00000116962",9435.92561442646,-1.55568707407912,0.254500315291172,-6.11271177522618,9.79521900450216e-10,5.91801737233404e-08
"ENSG00000116991",119.855227839028,2.71813835506894,0.556426208996383,4.88499339377202,1.03432321722906e-06,2.84783659143734e-05
"ENSG00000117122",687.822370993639,0.635249517051777,0.163183666784824,3.89284987626505,9.90734653232692e-05,0.00153568002755042
"ENSG00000117143",1600.14318870104,-0.652686486952058,0.109228921196413,-5.97539991975581,2.29526413257271e-09,1.24365842285317e-07
"ENSG00000117152",104.839762967995,1.09409366502931,0.369812589676759,2.9585084325702,0.00309131783795701,0.0259729394296704
"ENSG00000117280",1224.35176648072,-0.521711011614597,0.139517297488058,-3.73940021063879,0.000184459854503567,0.00260386712852279
"ENSG00000117385",1424.08266721595,0.36559753432048,0.128775100887145,2.83903900522569,0.00452496253344972,0.034836963000896
"ENSG00000117461",215.510751865581,1.68085314245247,0.345219569704314,4.86893933589033,1.12198842099874e-06,3.08008195040792e-05
"ENSG00000117479",262.85563022178,-1.05225679158062,0.301525590989656,-3.4897760688469,0.000483425448444563,0.00586836182844037
"ENSG00000117500",1941.23207330096,-0.408035893259617,0.110422760547783,-3.69521547220375,0.00021970038910959,0.00302678408569439
"ENSG00000117592",3649.31260690649,-0.432851887396817,0.115123686400871,-3.75988557115506,0.000169991094066876,0.00242276417425835
"ENSG00000117600",39.28772884718,2.07875659344603,0.565287189091503,3.67734601731712,0.000235673254485039,0.00321584980514277
"ENSG00000117602",279.181731992441,-0.90807816980062,0.299165116748951,-3.0353745104669,0.00240237172630977,0.0214757472503449
"ENSG00000117697",367.585663354988,0.330205413074643,0.115647132305871,2.85528405668802,0.00429983523573366,0.0334781892987474
"ENSG00000117724",126.640570145888,0.655121978159023,0.197193325294963,3.322232013579,0.000893004060173104,0.0096924691893302
"ENSG00000117758",1738.84543273078,-0.96501692261173,0.158798313164191,-6.0769973142847,1.22453812891286e-09,7.22477496058588e-08
"ENSG00000117868",4997.26213215885,-0.54919018712395,0.141799517048904,-3.8730046374879,0.000107501781328466,0.00164709035943078
"ENSG00000118257",1755.47533428085,-1.02278869162623,0.18766508174795,-5.45007458020303,5.03487017853944e-08,1.9824801327999e-06
"ENSG00000118454",799.21143239655,-0.342213448556498,0.0854396883999055,-4.00532182367927,6.19331027994481e-05,0.00102862083603909
"ENSG00000118503",356.040732952767,-0.565191719677081,0.134751460763375,-4.19432721897956,2.73682668805132e-05,0.000512224813670027
"ENSG00000118507",100.500443087503,-1.03336208750833,0.190304714773293,-5.4300393384334,5.63416312526066e-08,2.18603176791168e-06
"ENSG00000118515",2756.00869033105,-0.529655490682979,0.177540142615487,-2.983299905476,0.00285158423864815,0.024478842067102
"ENSG00000118579",1127.48707243794,-0.369868967422742,0.114093987313667,-3.24179193076931,0.00118780709509812,0.0122030927929234
"ENSG00000118680",5768.63561045573,-0.475802499927841,0.142507858388034,-3.33878078942343,0.000841469390904011,0.00922093669218811
"ENSG00000118689",5165.48667934315,-1.27171140498065,0.146473699623026,-8.68218259150691,3.88245485670535e-18,8.48887335433753e-16
"ENSG00000118707",219.3641807421,0.595487080368822,0.149452580211905,3.98445499920106,6.76351721141997e-05,0.00111140554707551
"ENSG00000118762",3815.76017434331,-0.868570693056919,0.251253412873332,-3.45695082555875,0.00054632453239443,0.00646358707187145
"ENSG00000119138",1683.2682077277,-2.11010896627632,0.205833144372413,-10.2515509477838,1.16459639219606e-24,5.69579577604311e-22
"ENSG00000119139",5029.85142077092,-1.95741706748889,0.25008787890353,-7.82691698642443,4.99978981858502e-15,7.03947680139413e-13
"ENSG00000119392",597.947062111095,-0.316665587258583,0.112598159253232,-2.8123513684305,0.00491807469029657,0.0370951372236858
"ENSG00000119508",216.673741809452,-2.12128845752895,0.321688384961188,-6.594233912999,4.27457309092227e-11,3.4843395129294e-09
"ENSG00000119514",286.113578398288,1.15568266556617,0.388836785539598,2.97215363500755,0.00295718665417604,0.0251070415568121
"ENSG00000119523",796.714553523003,-0.372094477720366,0.0984141701138363,-3.78090347446879,0.000156260254732748,0.00226705451538496
"ENSG00000119537",2618.66568693689,-0.590528096929367,0.182443302747032,-3.23677596293117,0.00120888278049929,0.0123785600416415
"ENSG00000119541",1372.99956132298,-0.371660955058042,0.0860453355862231,-4.31936202614508,1.56480903631034e-05,0.000317835802621068
"ENSG00000119608",38.6772213376396,0.919302050685859,0.283672965882541,3.24071082285123,0.00119232069712717,0.0122426962188445
"ENSG00000119630",712.055873509175,1.20161506077769,0.422219583030131,2.84594819632498,0.00442793976846162,0.0342745775080629
"ENSG00000119673",442.104556102844,-0.772765041503317,0.159677951748912,-4.83952250789427,1.30151451430569e-06,3.5209093520191e-05
"ENSG00000119703",28.7985292074512,1.23324113561205,0.329097328082327,3.74734472260299,0.000178716400302187,0.00253158864300012
"ENSG00000119711",562.981534656845,-1.24339680053396,0.200916930211236,-6.1886113789749,6.06965145741679e-10,3.78538497772118e-08
"ENSG00000119714",54.8129633903873,2.90161733355946,0.428093683261292,6.77799614199966,1.21854103162482e-11,1.09934878993919e-09
"ENSG00000119772",260.022570540286,0.583454670951823,0.131581705803581,4.43416254097494,9.24308741032866e-06,0.000200680817197381
"ENSG00000119900",769.485032501238,-0.54023688834295,0.162177948088466,-3.3311365368136,0.00086492167753599,0.00943343273298496
"ENSG00000119943",227.582669163159,0.562102317180795,0.187129478804952,3.00381490276411,0.00266617476349427,0.0232961250491495
"ENSG00000119953",615.935163558632,-0.322662547683983,0.107744651687335,-2.99469665204653,0.00274717904359425,0.0238024813637292
"ENSG00000119977",2165.72700501457,0.437353811640595,0.148339806038676,2.94832400904289,0.00319502001023932,0.0266395006237316
"ENSG00000120129",3409.02937530956,-2.94898340153753,0.201613621264273,-14.6269055783291,1.89198465751905e-48,5.86042247666525e-45
"ENSG00000120162",60.6707970651537,-2.80286692862351,0.437241490315059,-6.41034071721755,1.45194779309283e-10,1.01065354811349e-08
"ENSG00000120217",116.78615974262,0.808914222858096,0.233340052023352,3.46667542003094,0.000526937772616776,0.00627729574904007
"ENSG00000120265",1021.22880342078,-0.310574028694952,0.10697177142384,-2.90332696711551,0.00369220937294205,0.0297808051464402
"ENSG00000120318",301.262042343139,0.564194955073345,0.162334240342997,3.47551418530837,0.000509875026139981,0.00612542169412511
"ENSG00000120370",327.361631357868,0.477049011500105,0.126680769717066,3.76575712766481,0.00016604514169783,0.00238113345559735
"ENSG00000120526",244.139875884659,-0.629893495973239,0.119329267857876,-5.27861695023098,1.30162580173903e-07,4.5909086548674e-06
"ENSG00000120688",385.094336754311,-0.334494741608547,0.111409335433504,-3.00239419171649,0.00267865072388532,0.023372170752774
"ENSG00000120690",1383.58922656758,-0.921519172220385,0.113838442108441,-8.09497350062605,5.72768196267843e-16,9.33762888389287e-14
"ENSG00000120696",171.716396972827,0.489897368862532,0.135035107134723,3.62792594650047,0.000285707177041266,0.00379547382795706
"ENSG00000120705",2913.43371465669,-0.291802760052134,0.0987822384281263,-2.95400028077364,0.00313683720286555,0.0262604141510163
"ENSG00000120800",821.16881809708,-0.557144696794916,0.189646655609178,-2.93780396498568,0.00330545961799369,0.0274005205175793
"ENSG00000120802",458.773336054853,0.390228302790243,0.123856769172726,3.1506417081334,0.00162912205129286,0.015671445819502
"ENSG00000120837",1841.38811314411,-1.02713060686721,0.322418704668203,-3.1857041542432,0.00144402180204249,0.0142599071152814
"ENSG00000120899",391.397133627663,-1.10182504908937,0.377728269425932,-2.9169779925763,0.00353440709641267,0.0288733872030019
"ENSG00000120942",285.169282108325,-0.713735618923048,0.157148848417726,-4.54178077732919,5.57810301422183e-06,0.0001281446780214
"ENSG00000121104",147.733738390045,0.496821435562165,0.15967072690301,3.111537381952,0.00186115908299283,0.0174340110146011
"ENSG00000121210",435.376397339465,0.613191061298575,0.149755911532101,4.0946033784258,4.22891693044735e-05,0.00074356122187667
"ENSG00000121361",169.212417118519,-0.737756081762821,0.224790883228871,-3.28196620417063,0.00103085959476783,0.0109041124466477
"ENSG00000121417",192.976926265489,0.547752445901348,0.180681520791963,3.03159085389828,0.0024326869832616,0.0216523127044413
"ENSG00000121621",31.7909395998817,1.4954676267,0.412335235625832,3.62682472292289,0.000286927921074409,0.00380353453150349
"ENSG00000121653",213.946786684176,0.68915667582098,0.215933567915006,3.19152173733469,0.00141525461226628,0.0140354893110826
"ENSG00000121690",91.6397453792493,0.616285645836096,0.21206172367217,2.90616163616977,0.00365892387242814,0.0295656957256857
"ENSG00000121691",2096.82933264379,-0.777904325599546,0.196059717569473,-3.96769073853175,7.25724240262709e-05,0.00117590104666804
"ENSG00000121753",508.661836030916,0.646964817255162,0.164949134843399,3.92220800593702,8.77411935536569e-05,0.00138662421955333
"ENSG00000121858",247.334411119207,0.993188542983463,0.308391567740174,3.22054377252053,0.00127947651888368,0.012930435619061
"ENSG00000121879",1070.6046627359,-0.588603402684769,0.118157244999872,-4.98152612381414,6.30847658293267e-07,1.85218068394634e-05
"ENSG00000121892",2490.2932671156,-0.240384065509939,0.0843314417428589,-2.85046787463817,0.0043654960095079,0.033861745966905
"ENSG00000122035",943.340574231144,-2.37174018928906,0.406153737477739,-5.83951339218947,5.23535083084469e-09,2.5808752040119e-07
"ENSG00000122085",391.388230197842,0.333781176120658,0.118480617808694,2.81717957159543,0.0048447430105914,0.0366759873123589
"ENSG00000122376",445.876057147622,-0.383510643961491,0.114943573280747,-3.33651228176782,0.000848366801720011,0.00927464529998024
"ENSG00000122420",1754.74724185672,0.718530934418685,0.250669020559561,2.86645287405173,0.00415099956570215,0.0325237465972068
"ENSG00000122490",736.148562232013,-0.402182521107192,0.118034857692317,-3.40731991354256,0.000656041843756747,0.00754022119123014
"ENSG00000122507",548.996626145576,0.365935701509739,0.11065545863123,3.30698282792588,0.000943066729610429,0.0101194544860334
"ENSG00000122512",301.614529565326,0.309120824091082,0.110389570440977,2.80027200809122,0.00510595616656477,0.0381714381961409
"ENSG00000122641",880.312978891696,-1.09060997708474,0.341498221893334,-3.19360367687476,0.00140508873040961,0.0139644781040977
"ENSG00000122679",10.3540691139134,4.05138629173944,1.22874394776254,3.29717700674477,0.000976619315009331,0.0104253130209353
"ENSG00000122741",995.17692521888,-0.258570068510863,0.0899900131486122,-2.87331959918544,0.00406182980832933,0.0320548225001277
"ENSG00000122786",22796.1352309268,-0.816459770757398,0.15482281808165,-5.27351059019488,1.33838526992318e-07,4.69185702088473e-06
"ENSG00000122863",1044.69735743092,-0.845928777515444,0.223870738190033,-3.77864826977689,0.000157681956613484,0.0022787862858955
"ENSG00000122877",17.0525886100554,3.07660944159166,0.50356804134931,6.10962012868785,9.98685605397751e-10,5.98492180567037e-08
"ENSG00000122966",288.894444022564,1.58611395588186,0.225697652549128,7.02760501922639,2.10108659475176e-12,2.24417783698055e-10
"ENSG00000122970",569.282937637797,-0.552550634217316,0.13116711909397,-4.21256972047591,2.52481745348988e-05,0.000479792764551221
"ENSG00000122971",527.212359998055,-0.976918433300683,0.271137091726817,-3.60304238375829,0.0003145142205567,0.00407936395943313
"ENSG00000123094",1290.05645607768,-0.870792489006656,0.175068695078522,-4.97400456784172,6.55837623788341e-07,1.91646890536263e-05
"ENSG00000123104",206.958738790151,-0.864532283485084,0.244819164686059,-3.53130966929696,0.000413507333077768,0.00515774079547001
"ENSG00000123130",915.826701047004,-0.416897237753916,0.116735759877383,-3.57128987888388,0.000355227470668145,0.00453116166257205
"ENSG00000123178",189.981098614308,-0.697339557210156,0.187318324462495,-3.72275141372929,0.000197063520767745,0.0027640947422404
"ENSG00000123179",348.352489523782,-0.508330586479999,0.157718180903479,-3.22303100104286,0.00126841825060514,0.0128326364657031
"ENSG00000123213",519.449306765087,-0.813108539344801,0.15729106498104,-5.1694515479491,2.34781993546821e-07,7.69563201070136e-06
"ENSG00000123342",616.341571018158,-0.415857364077843,0.118776865254095,-3.50116466862647,0.000463229523729504,0.00567509604384497
"ENSG00000123352",627.923638756167,0.592010770167002,0.138333035893566,4.27960513078378,1.87225185202133e-05,0.000370957363217659
"ENSG00000123358",180.641400278404,-1.28638186622139,0.260945518612208,-4.92969518335774,8.23580162032635e-07,2.33326788283179e-05
"ENSG00000123405",13.5287795433078,2.83430319218954,0.578630579646986,4.89829485665744,9.66718948887553e-07,2.68557125038493e-05
"ENSG00000123411",245.083358994858,0.660798506461712,0.12850578754418,5.14216922902818,2.71584314121992e-07,8.74765074169362e-06
"ENSG00000123416",1382.50513936353,0.801196768676602,0.253314141301832,3.16285843561316,0.00156228281447473,0.0151777449592331
"ENSG00000123505",528.134975874376,-0.374163916649588,0.121998241051648,-3.06696156784085,0.00216246658629959,0.0196814111196757
"ENSG00000123562",5040.48267766273,-1.02828264558667,0.0958770667745771,-10.7250115192232,7.76773948456812e-27,4.81211461068995e-24
"ENSG00000123610",322.731987785416,2.51163755479631,0.476994933454701,5.26554346522179,1.39775243170079e-07,4.87377653717809e-06
"ENSG00000123612",20.5205768889407,1.44643993008168,0.388846283050494,3.71982449911668,0.000199361259133879,0.00278581127894973
"ENSG00000123643",788.521495825999,-0.753413274302029,0.153525783829527,-4.90740548922135,9.22891026311672e-07,2.58312194638591e-05
"ENSG00000123685",42.3506475522259,-1.93770334650496,0.464194831409166,-4.1743320161981,2.98861641257084e-05,0.000551573346848352
"ENSG00000123689",42.1351059080251,2.6761654377699,0.475619329342607,5.62669612580475,1.83693907355885e-08,8.08993191518749e-07
"ENSG00000123983",2693.61686094995,0.447029629930971,0.165033371842848,2.7087226355446,0.00675427788071119,0.0473691526086858
"ENSG00000124006",1534.84651937018,-0.370842976529687,0.105834581446762,-3.50398680148069,0.000458348074221384,0.005628376338095
"ENSG00000124104",851.339872171428,0.789960625553729,0.215542273359004,3.66499161970879,0.000247346682054725,0.00335298182785344
"ENSG00000124134",26.083748356193,2.73917676707897,0.750566923119775,3.64947705887894,0.00026277470491654,0.00352866177086264
"ENSG00000124151",1569.91028919931,-1.40016816616668,0.203140745732538,-6.89260129038902,5.47812584607316e-12,5.27517973312278e-10
"ENSG00000124164",1217.09542153566,-0.25999754701903,0.0945340159878756,-2.75030680017208,0.00595394901029959,0.0428892024637279
"ENSG00000124226",1514.54992061495,0.460391045800287,0.0940476769859903,4.89529418008771,9.81587782747467e-07,2.71470371166096e-05
"ENSG00000124249",96.6265531490933,1.48901910898884,0.461226624367305,3.228389321695,0.00124489421311855,0.0126844073195221
"ENSG00000124357",1251.95273662837,0.360121544191967,0.129643994858731,2.77777265799607,0.00547328980593781,0.0402453865076002
"ENSG00000124374",25.5648573241367,-1.27491174523467,0.370917970263431,-3.43717977408646,0.00058780532076063,0.00686634939430315
"ENSG00000124422",3914.94122003177,0.342285518736604,0.0764052275783323,4.47987041705602,7.46883688205253e-06,0.000165444974318172
"ENSG00000124440",197.043622803841,-2.5521238186695,0.461578092559925,-5.52912683640454,3.21828602798314e-08,1.33508584442113e-06
"ENSG00000124459",259.75372542941,0.430282275268208,0.128480050987723,3.34902011604373,0.000810979074353368,0.00897145601003413
"ENSG00000124466",19.928379437852,1.42173364253338,0.40686845752922,3.49433242175397,0.000475248862592098,0.00579560374755522
"ENSG00000124486",5345.4450066674,-0.420871419075373,0.150660623876366,-2.79350641359845,0.00521399950679537,0.0387763828866714
"ENSG00000124496",484.129660038702,0.833490638568308,0.129173857588005,6.45247153047557,1.10040560329377e-10,8.08341428348405e-09
"ENSG00000124608",352.898802645492,0.779384092169095,0.22723013406038,3.42993280971262,0.00060373072850852,0.00702588327447141
"ENSG00000124702",1044.97191149591,-0.606057420833846,0.0900393098321687,-6.73103139021749,1.68464614068843e-11,1.49091183450926e-09
"ENSG00000124762",8020.52881680403,1.00601021289239,0.227617269072493,4.41974467487344,9.88175831087163e-06,0.000212069836267378
"ENSG00000124766",1281.46865801595,2.35748276526819,0.25318926176265,9.31114830406271,1.26457670298913e-20,3.91702633750884e-18
"ENSG00000124831",2131.66938753722,-0.622535473252695,0.207596380499167,-2.99877807000201,0.00271064675362974,0.023584911009461
"ENSG00000125148",3656.252782247,-2.20343864531793,0.147408663444289,-14.9478232407329,1.60923879728249e-50,5.98154060949901e-47
"ENSG00000125398",566.475839016294,1.25414928179895,0.347053549236079,3.61370539088142,0.000301852031799462,0.00396741160607709
"ENSG00000125430",358.030559328988,-0.906946573693345,0.165056638835656,-5.49475973878503,3.91242699385301e-08,1.58760820263664e-06
"ENSG00000125503",2595.80011533415,-0.654871786292509,0.10171400606448,-6.43836391496924,1.20768168495351e-10,8.80186828033766e-09
"ENSG00000125657",13.3117287276299,1.76185470852503,0.510868153030176,3.44874640956716,0.00056319534925423,0.00662467440879105
"ENSG00000125675",438.755432566523,0.714626798165383,0.187215742543148,3.81712984419931,0.000135013125610541,0.00200416848200632
"ENSG00000125676",1818.9663473738,-0.667341059973534,0.149354629230235,-4.46816455179845,7.88936089059649e-06,0.000173519256984303
"ENSG00000125746",528.541576402759,-0.434862581672921,0.119643642538734,-3.63464846477017,0.000278359925414572,0.00370847255471672
"ENSG00000125753",934.804274987989,-0.475136469125889,0.154661208030024,-3.0721114568926,0.00212550344615186,0.0194593505156317
"ENSG00000125772",324.772011037196,0.566533421946671,0.191097918627249,2.96462371760175,0.00303053359422772,0.025566258215489
"ENSG00000125835",498.431802858871,-0.516087299311552,0.1870591083875,-2.7589530590644,0.00579868636759961,0.041965960335607
"ENSG00000125848",178.654450436053,2.367083820364,0.34035025649701,6.95484658870764,3.52945900846271e-12,3.54567544174484e-10
"ENSG00000125868",15848.9769017164,-0.91996073094681,0.214654831774486,-4.28576763607777,1.82109258643566e-05,0.000362864532571171
"ENSG00000125945",732.661002156065,0.495472873464156,0.18356240770705,2.69920666030317,0.00695050000831487,0.0483801657882142
"ENSG00000125965",244.336648201329,1.29671103608337,0.270462240454723,4.79442540261159,1.6314175604675e-06,4.3314136230412e-05
"ENSG00000125970",2045.06857939435,0.448845968886676,0.109668116902683,4.09276626209394,4.26257341541836e-05,0.000747357801184437
"ENSG00000126016",386.415162103212,2.2969326257942,0.344571834117136,6.66604869686873,2.62782098843041e-11,2.21991150318088e-09
"ENSG00000126062",999.838120725048,-0.382552831597759,0.086879962741418,-4.40323429622497,1.06648880118046e-05,0.000227301540939665
"ENSG00000126218",294.247979584995,-0.717922025767205,0.229217778617034,-3.1320521038932,0.00173589065725782,0.0164683654237553
"ENSG00000126458",2021.2241980643,-0.571978058727922,0.140050713880043,-4.08407813770828,4.42521396947338e-05,0.000772231001151763
"ENSG00000126561",868.661876936372,-0.607013354289645,0.105965262883555,-5.72841833041729,1.01371335225854e-08,4.72177008815164e-07
"ENSG00000126705",594.377194930845,0.644264210928045,0.118775300410488,5.42422716424598,5.82058206271863e-08,2.24897126061592e-06
"ENSG00000126767",650.227673201377,-0.402864227816352,0.130612935579693,-3.08441293374458,0.00203954296924875,0.018820708085148
"ENSG00000126785",672.621155629475,1.17861564024077,0.30688128062678,3.84062409356981,0.000122721916073416,0.00184082874110124
"ENSG00000126803",449.17684817333,-2.55800281918497,0.6461240647787,-3.95899635786062,7.52653844777941e-05,0.00121004080494793
"ENSG00000126804",772.141921104768,-0.299526173242394,0.1026020453179,-2.91930021779144,0.00350818182334024,0.0286843639185122
"ENSG00000126860",22.3218288432107,1.50284904970789,0.367684651640721,4.08733147549597,4.36363437047265e-05,0.000763636014832713
"ENSG00000126861",309.30615640905,1.71064346708667,0.244144451788365,7.00668581471402,2.44029405907196e-12,2.5336796138465e-10
"ENSG00000126878",93.2605268616648,2.71442670776155,0.477460992163007,5.68512769067183,1.30714956036276e-08,5.89645014061698e-07
"ENSG00000126882",17.9608335460564,1.07523903676398,0.374490025192027,2.87120874905182,0.00408905398162213,0.0321468139798847
"ENSG00000126950",786.116082755273,1.64524554895729,0.306275984351377,5.37177458572713,7.79655329518616e-08,2.8979788598207e-06
"ENSG00000126970",184.434610287886,0.403935257855886,0.145700463443347,2.77236769403241,0.00556501367366602,0.040734848020907
"ENSG00000127083",304.476810780945,-1.78440097258001,0.645368944344573,-2.76493157629737,0.00569347370105383,0.0413656015379537
"ENSG00000127314",3425.46498267532,-0.369002695283153,0.116337022239013,-3.17184236093857,0.00151475206146578,0.0148010867835655
"ENSG00000127324",26.4057476749557,-4.38744373400157,0.842441497612273,-5.2080099881557,1.90876652817432e-07,6.40332597944401e-06
"ENSG00000127589",307.266600393489,1.16393581489301,0.281010315050145,4.14196829281981,3.44337954944886e-05,0.000619508314874222
"ENSG00000127824",228.718631937045,1.53922389625617,0.191506570889157,8.03744690905183,9.17296210103341e-16,1.45708974912569e-13
"ENSG00000127837",1356.12547281981,-0.301477421412052,0.111241127747659,-2.71012554004242,0.00672577458466307,0.0472405595827525
"ENSG00000127946",1423.48716204316,-0.497475075847007,0.179452564708956,-2.77218147678096,0.00556819840992764,0.0407421131687028
"ENSG00000127947",1638.96523477904,-0.399745212526954,0.0942449675219021,-4.24155499267433,2.21976484022771e-05,0.000431079723674315
"ENSG00000127954",286.384119280247,-5.2870265537216,0.900412022954468,-5.87178582575296,4.31125494677613e-09,2.15388906413533e-07
"ENSG00000128039",138.328362673507,-0.432752567952518,0.156604772330229,-2.76334214796456,0.00572127583397378,0.041518903309021
"ENSG00000128045",124.216106526897,-3.99884917111574,1.03098819109765,-3.87865661861592,0.000105034893945115,0.00161887917983486
"ENSG00000128165",58.7524136478217,2.69303136145906,0.431089352169602,6.24703752923953,4.18310579240733e-10,2.7182874528633e-08
"ENSG00000128262",161.639314693814,-1.57175969017073,0.531639359829499,-2.95643966367503,0.00311213114676893,0.0261006125282944
"ENSG00000128274",1266.5010338587,-0.530506762685011,0.170671373755175,-3.10835233239532,0.00188133635721884,0.0175567605552096
"ENSG00000128285",6.62474139908411,5.33866530596088,1.15030066978182,4.64110423144712,3.46552251467516e-06,8.46343441987356e-05
"ENSG00000128309",579.038039427768,-0.993989942956731,0.188465267357426,-5.2741279966012,1.33388790360059e-07,4.69185702088473e-06
"ENSG00000128311",316.409229736023,-1.30478973675087,0.147192832630803,-8.86449233587081,7.68534355956574e-19,1.78540137568162e-16
"ENSG00000128342",153.121849690958,2.50843704875988,0.34677177920105,7.23368278277785,4.70069048088192e-13,5.60014952481991e-11
"ENSG00000128510",164.045430457896,2.27398580473314,0.726734255276415,3.12904722492849,0.00175374120021874,0.01661227329565
"ENSG00000128594",19.0094500274597,1.77110661656331,0.496365720352175,3.5681485323094,0.000359512694147695,0.0045732672284291
"ENSG00000128606",1137.04634294187,2.18537217319314,0.654834991378479,3.33728680043923,0.0008460059997143,0.0092597299792051
"ENSG00000128699",1855.27912050025,-1.01100096888525,0.154492868455149,-6.5439976550034,5.98957365567338e-11,4.65758269417112e-09
"ENSG00000128805",357.985794617677,0.728268177801103,0.214912157669235,3.38867835909943,0.000702303375075956,0.0079928403097285
"ENSG00000128908",1091.10372567744,-0.369807774391952,0.112743898697446,-3.28006906506179,0.00103781677359076,0.0109589913279456
"ENSG00000128917",68.5033419798464,-3.68781722274573,1.30017037992302,-2.83641073484852,0.00456237300734308,0.0350303224599268
"ENSG00000128923",1415.67842643882,-1.03527522047916,0.122233073792297,-8.4696816365621,2.46064635875646e-17,4.91732393306331e-15
"ENSG00000128989",2156.42982681276,-0.3382737716685,0.0702642119355397,-4.81431104612447,1.47708588401948e-06,3.93854248988552e-05
"ENSG00000129038",3781.68700418241,0.520457936092903,0.11313491091331,4.60033010050901,4.21821948475153e-06,9.96132263330459e-05
"ENSG00000129048",1441.85031149386,1.45447103896059,0.312030055018116,4.66131712496782,3.14192168892119e-06,7.76497534422876e-05
"ENSG00000129116",21202.5826388257,-0.865114685734401,0.202764769478891,-4.26659270226164,1.98481041446674e-05,0.000390676246421234
"ENSG00000129128",3477.14771007536,-0.771099298556524,0.198101301097007,-3.89244944019287,9.92371852941528e-05,0.00153693590724319
"ENSG00000129245",665.798604326304,-0.269763064707142,0.0995661271859137,-2.70938593607673,0.00674078787112815,0.0473176432647751
"ENSG00000129250",7170.67253612749,-0.512277978359548,0.156260075570461,-3.2783676603852,0.00104409308691458,0.011006505967276
"ENSG00000129270",6.07760320461428,-2.26615023688693,0.817328803833201,-2.77262984769273,0.00556053303869529,0.0407341373764887
"ENSG00000129282",59.8410404416089,-0.568503442665158,0.206868240752117,-2.7481426854032,0.00599339207602345,0.0431398883551107
"ENSG00000129353",4001.62856529462,-0.546880732888069,0.19330209652668,-2.82915055094908,0.00466717380968914,0.035709932174999
"ENSG00000129467",105.732178254357,1.6417712716225,0.272652919959664,6.02146961002796,1.72840478340912e-09,9.62748293853412e-08
"ENSG00000129473",1501.03499189214,-0.351782038002027,0.126657744034608,-2.777422262518,0.00547919449806144,0.04026525494127
"ENSG00000129484",199.310071954229,0.773564835574622,0.142858599882354,5.41489862151572,6.13234406937846e-08,2.35474410184708e-06
"ENSG00000129566",927.239048710427,-0.405653131569597,0.102073144881205,-3.97414160249206,7.06335333653084e-05,0.00115151247157391
"ENSG00000130005",369.251775122898,0.376139099982442,0.129950201371712,2.89448647260289,0.00379779273111912,0.0303776642584911
"ENSG00000130066",4098.11670597519,-1.32117021125722,0.167064210594307,-7.90815822585425,2.61224670776245e-15,4.01228141022853e-13
"ENSG00000130150",830.324723727583,-0.70260296456073,0.215604297043037,-3.25876141708104,0.00111899728944106,0.0116442131154883
"ENSG00000130202",1135.52686972594,-0.33879591107292,0.11378377272656,-2.97754155056098,0.00290570256014144,0.0247831491878057
"ENSG00000130224",371.144693163141,-0.756722173466064,0.16137060941109,-4.6893432219638,2.74083333530254e-06,6.90222053341433e-05
"ENSG00000130227",1713.82637797632,0.424326196747941,0.108301484746171,3.91800904431221,8.92833570822201e-05,0.00140621287404497
"ENSG00000130311",635.995974147223,-0.519159676960686,0.0964378695451641,-5.38335904151794,7.31085032806462e-08,2.7393579303847e-06
"ENSG00000130338",516.789533847267,0.427828198420012,0.128873518426192,3.31975260429501,0.000900972525173516,0.00973521766299407
"ENSG00000130340",4257.92098352326,0.47947335837181,0.147439651000629,3.25199737735248,0.0011459707925276,0.0118651070635796
"ENSG00000130402",13529.8539880103,-0.805886103728127,0.174961849443193,-4.60606758726441,4.10355063970416e-06,9.75249215331224e-05
"ENSG00000130479",520.131205358716,-0.505334987998095,0.109740368416163,-4.60482314112283,4.12816543194586e-06,9.79846162869908e-05
"ENSG00000130487",7.00097638502584,2.8523310374233,0.973129133970522,2.93109201836897,0.00337772713305315,0.0278752481206896
"ENSG00000130513",451.004765299293,1.85683622921178,0.289146254508921,6.42178897445994,1.34682045393103e-10,9.5736497008861e-09
"ENSG00000130517",1181.00011366746,0.553909515770371,0.139391100538241,3.97377962891116,7.07410186280891e-05,0.00115225401507716
"ENSG00000130529",526.961316719623,-0.706999568082754,0.163204575433883,-4.33198374618591,1.47771853197138e-05,0.000303128023363003
"ENSG00000130584",179.083280678099,0.761797169149331,0.211924865763301,3.59465684409201,0.000324819418528946,0.00419511389392666
"ENSG00000130592",19.9435924490582,2.05152332539148,0.614785461314327,3.33697436664427,0.000846957591639013,0.00926468913514482
"ENSG00000130635",9329.908451109,0.571322947034355,0.151030348298478,3.78283539348834,0.000155051958123553,0.00225657058866581
"ENSG00000130766",839.422632402742,0.920276824087379,0.189299687472385,4.86148094788392,1.16510795819746e-06,3.18903260723118e-05
"ENSG00000130921",308.604400145395,0.409435877666487,0.111689748066374,3.66583222502364,0.000246535522918258,0.00334442532367579
"ENSG00000130956",1043.65820428793,-0.575111875398761,0.205273684764805,-2.80168340163866,0.0050836736136715,0.0380507749134453
"ENSG00000130958",497.341773827934,-0.351490835753164,0.126716100726412,-2.77384510522505,0.0055398047928707,0.0406303362571041
"ENSG00000131016",40295.4160103128,0.974032609548352,0.335582435334114,2.90251368066562,0.00370180990992851,0.0297808051464402
"ENSG00000131043",691.752022471857,-0.236606216056913,0.0866358164405193,-2.73104387744019,0.00631340655773218,0.0450010888030877
"ENSG00000131080",1123.67111890117,0.936326628404146,0.187594616798571,4.99122333243454,5.99980761322626e-07,1.77841187387257e-05
"ENSG00000131089",566.457156502384,0.337201397695826,0.1073010260131,3.14257384318635,0.0016746946532026,0.0160268795724873
"ENSG00000131100",2216.02273171259,-0.314915480156606,0.108197196587442,-2.91056968284848,0.00360770509448142,0.029291917510239
"ENSG00000131148",348.628573827005,-0.386995956154545,0.100509271328498,-3.85035082872814,0.00011794875078746,0.00177698409249513
"ENSG00000131236",7143.52256185492,-0.522536134372206,0.108261975192158,-4.82658970007466,1.38890851942131e-06,3.73018277939959e-05
"ENSG00000131242",31.7093672302088,2.20414352278574,0.334459765977025,6.5901604527737,4.39351497341731e-11,3.56565396423409e-09
"ENSG00000131323",589.167730970682,0.41764341983923,0.124033415276671,3.36718471314869,0.000759398054189708,0.0085071807336442
"ENSG00000131370",284.579657341378,0.975612771553066,0.191454572889057,5.09579247354102,3.47285402199897e-07,1.08841470487101e-05
"ENSG00000131386",11496.4862074381,-1.54340704824469,0.286539629626325,-5.38636505623127,7.18968627043207e-08,2.70486476388624e-06
"ENSG00000131389",740.410803126942,2.1196760141799,0.222557844113225,9.52415774256657,1.66385642487131e-21,5.94668685696795e-19
"ENSG00000131408",1600.99151334802,-0.355636709018688,0.118667214288814,-2.99692472895787,0.00272718041759669,0.0236623006820889
"ENSG00000131437",367.56785456566,0.610542343929718,0.147038537815844,4.15226071340823,3.29206904926753e-05,0.000600999532368778
"ENSG00000131446",5362.00674215496,-0.86135561633626,0.123803744620442,-6.95742781429599,3.4654140792455e-12,3.50025655775966e-10
"ENSG00000131459",1022.48448209512,-1.31221199915746,0.267709030303024,-4.90163517335275,9.50422178541498e-07,2.64821532056878e-05
"ENSG00000131467",1688.96797659466,-0.315601540874473,0.110605208900651,-2.85340576643146,0.00432533538906039,0.0336485383866418
"ENSG00000131507",2934.17313976375,-0.396746510401536,0.132770247129574,-2.9882185126487,0.00280608851786485,0.0242156543517681
"ENSG00000131730",20.0333117232276,1.19327614252365,0.354689308430281,3.36428562734137,0.000767420765020093,0.00858153725505321
"ENSG00000131732",598.616392711376,0.397287443491694,0.147134763975826,2.70016026638659,0.00693060807755169,0.0483140851917847
"ENSG00000131771",95.419786398675,3.04553237998695,0.888741194190631,3.42679331158998,0.000610753757873872,0.00709428661880369
"ENSG00000131844",567.37285439455,-0.456142450338843,0.107676366920319,-4.23623552117422,2.27298363265354e-05,0.000440494273335412
"ENSG00000131871",806.896211416967,-0.686018714420773,0.0794765286589217,-8.63171462061288,6.04390270629157e-18,1.27643104314124e-15
"ENSG00000131899",1204.42795617637,0.438955783504724,0.133464981707472,3.28892101800026,0.00100572241887576,0.0106807720884605
"ENSG00000131979",85.0694119387453,-1.62457319167306,0.273214383200484,-5.94614812237376,2.74525748257343e-09,1.44534306837471e-07
"ENSG00000132155",2810.67879553971,-0.796139808228367,0.133875372619784,-5.94687277165954,2.73313678538304e-09,1.44304963512341e-07
"ENSG00000132170",516.135672674552,-1.03739916668245,0.297649777750878,-3.48530133138789,0.00049158311224317,0.00595183852836438
"ENSG00000132199",352.474465397626,0.738416403260036,0.211947055924488,3.48396631431915,0.000494041663831873,0.00597216309097971
"ENSG00000132256",560.036705411754,0.589294818816485,0.192118555397393,3.06734983301089,0.00215965942098607,0.0196725297989732
"ENSG00000132321",24.9710419794864,1.47640808861945,0.475110726954274,3.10750316685977,0.00188674963943649,0.0175942007270082
"ENSG00000132326",92.5630942356967,1.1203832683982,0.371212442824677,3.0181727203777,0.00254303919681861,0.0224311264702771
"ENSG00000132334",80.1479432303314,-1.34996214199183,0.487427049267648,-2.76956755686851,0.00561307624447609,0.0409576058121665
"ENSG00000132356",2383.87708318029,-0.865649805230831,0.0910758922040372,-9.50470848302552,2.00609102828825e-21,7.0345663699504e-19
"ENSG00000132357",684.5441787171,-0.337643620983239,0.101689929615609,-3.32032505342017,0.000899126926445313,0.00972658552269275
"ENSG00000132361",892.814305572278,-0.481730203593869,0.134243589524491,-3.58847826775359,0.000332613712923489,0.00427949954797286
"ENSG00000132376",745.306100295453,-0.535912209056412,0.141649056896992,-3.78338000122466,0.000154712931733334,0.0022551684990306
"ENSG00000132406",406.827557856303,-0.351702264684063,0.116757590675207,-3.01224325245303,0.00259324701032462,0.0228014684713825
"ENSG00000132463",1686.26612263339,-0.343894468012354,0.0960218523702642,-3.58141880752605,0.000341733341904185,0.00438007873054433
"ENSG00000132518",5.65465445433956,-6.02601381823384,1.24832227908842,-4.8272901310664,1.38403417432615e-06,3.72247107523178e-05
"ENSG00000132530",533.314328470258,0.928745236245439,0.155858028345893,5.95891816483325,2.53913202210988e-09,1.35602783422161e-07
"ENSG00000132535",469.507179564352,0.31625567088916,0.111841330683209,2.8277173470419,0.00468811792377143,0.0358128611775918
"ENSG00000132589",2001.35542175143,-0.485272705977593,0.12219492894486,-3.97129987445365,7.14815340792358e-05,0.00116227848719387
"ENSG00000132612",899.790515701599,-0.430318518586617,0.082165225586381,-5.23723406727849,1.63000917857239e-07,5.57895406699225e-06
"ENSG00000132613",1014.84926073027,-0.763694281472413,0.226942943137949,-3.36513782236531,0.000765054336497713,0.00856022567357616
"ENSG00000132622",65.549236530359,2.33337135914785,0.362709830507994,6.43316271819775,1.24975733335236e-10,9.03764203904812e-09
"ENSG00000132646",890.571957292777,0.650976432674971,0.159701478172481,4.07620793573308,4.57760878467297e-05,0.000792869145043309
"ENSG00000132740",291.157939520633,-0.617036668445418,0.147681853341852,-4.17814819141732,2.93892152530608e-05,0.000546198565478136
"ENSG00000132801",107.738669333832,0.575985357025436,0.192559790586179,2.99120265592342,0.00277881012609695,0.0240391982458083
"ENSG00000132824",6959.68325762154,-0.42060447301494,0.146441389802455,-2.8721693612873,0.00407664425292095,0.0321035734917525
"ENSG00000132854",6.00943529287507,3.37043148402923,1.11144334821709,3.03248158301172,0.00242551897764577,0.0216099090122468
"ENSG00000132965",12.5734550073765,-1.70582196902338,0.603311107992291,-2.82743338623424,0.00469227766834281,0.0358282582030202
"ENSG00000132970",1322.81532016482,-1.10253701156735,0.11814814143101,-9.33181849679081,1.04069778544624e-20,3.33471867974454e-18
"ENSG00000133059",1628.26393323251,0.448432072785885,0.140706560119913,3.18700188821135,0.0014375583637299,0.0142263163950587
"ENSG00000133069",144.074833768629,1.04835107199309,0.184972399637893,5.66760810826574,1.44804691234266e-08,6.50047146519043e-07
"ENSG00000133103",613.228071445756,0.57387130011736,0.144608054572005,3.96846013740964,7.23385547101508e-05,0.00117313441473661
"ENSG00000133104",2383.41498933369,-0.443272235721853,0.148739260830383,-2.98019657518229,0.0028806346206071,0.0246299114078994
"ENSG00000133106",214.978185691005,-0.666916690550237,0.2051987261159,-3.25010151463392,0.00115363819659008,0.011931199712647
"ENSG00000133121",1017.50916672615,-0.661979958850683,0.1653349372307,-4.00387219990286,6.23140367365748e-05,0.00103310113536953
"ENSG00000133142",3055.97384805426,-1.54783863222908,0.156164970989384,-9.91156097569599,3.70806841023836e-23,1.46626492349532e-20
"ENSG00000133216",344.056124155505,1.74032085478908,0.377658489494193,4.60818676979812,4.06195717787227e-06,9.6783941218918e-05
"ENSG00000133401",90.8133389962091,-1.2402225024224,0.322289199512194,-3.84816650480239,0.000119005161345614,0.00178796355990965
"ENSG00000133466",266.89041196461,0.637893710806108,0.19427999827954,3.28337305154942,0.00102572830990117,0.010868392610897
"ENSG00000133639",1327.66028445747,-0.44619070775024,0.133634220815223,-3.33889556902637,0.000841121789117902,0.00922093669218811
"ENSG00000133641",265.917126323902,-0.58393966041753,0.12561666169367,-4.64858445165125,3.34220777769322e-06,8.20540707376863e-05
"ENSG00000133789",3758.95983341924,-0.674298509460244,0.170112782563981,-3.96383210771732,7.37561341037114e-05,0.00119092767360337
"ENSG00000133794",278.096713359207,-0.725836374622158,0.166092377798052,-4.37007636500146,1.24203093237118e-05,0.000260532109233842
"ENSG00000133816",1756.1706924653,-1.11931469198198,0.269791471787104,-4.1488142103515,3.34201900618492e-05,0.000604206820551627
"ENSG00000133818",2959.45118375215,-0.643788357050932,0.183535609864958,-3.50770271515494,0.000451993840760419,0.00556311624538568
"ENSG00000133835",2500.1031647403,-0.250890612571726,0.0923985954165909,-2.71530764553891,0.00662142289505147,0.0466486522003531
"ENSG00000133858",2113.73001865011,-0.295825306374175,0.107712816798325,-2.746426239396,0.00602484319775591,0.0432824409619928
"ENSG00000133943",538.900980376931,0.884823350567294,0.15437426459637,5.73167653870786,9.94427744395539e-09,4.65527446589197e-07
"ENSG00000134046",1395.57679914023,-0.542238697350749,0.123948216634976,-4.37471963753723,1.21588646349495e-05,0.00025533615733394
"ENSG00000134056",286.610939387658,-0.543761910574636,0.119610922209156,-4.54608910734585,5.46519060455988e-06,0.000125706147754635
"ENSG00000134070",46.6671994824142,1.0283328505487,0.323131951227587,3.18239297179383,0.00146063489033659,0.0143781247017508
"ENSG00000134108",2366.08442200456,-0.275743895901832,0.0951682154288009,-2.8974368664938,0.00376225452688268,0.0301435784192289
"ENSG00000134138",699.826466470038,0.822678039593625,0.288386577981677,2.85269184631018,0.00433506365959134,0.0336960092486429
"ENSG00000134243",5510.95825597916,-2.2240182035679,0.267585258895195,-8.3114376806496,9.45494983952308e-17,1.77495194714683e-14
"ENSG00000134247",1274.2324200934,0.787096237623305,0.27470426028969,2.86524947517476,0.0041668083038525,0.0326338526452165
"ENSG00000134253",136.921586068676,1.96771790099227,0.211657942939414,9.296688202037,1.44888348786425e-20,4.41434420032084e-18
"ENSG00000134259",45.1213416128722,1.35900468544193,0.448979278161975,3.02687618681514,0.00247095145917995,0.02193601234847
"ENSG00000134265",465.963382759497,-0.426297546779931,0.112222547821452,-3.79867998949887,0.000145468769923723,0.00213523081825997
"ENSG00000134294",20597.3546312134,-1.23273370465121,0.175754403333661,-7.01395630077576,2.31671782065648e-12,2.41888767960116e-10
"ENSG00000134318",4538.36898283538,-0.812106274345377,0.115156359921919,-7.05220514868668,1.76104301128156e-12,1.90284792817836e-10
"ENSG00000134321",5.49820466671876,3.61050221856567,1.31440479397868,2.74687237531805,0.00601665420294697,0.0432729079615799
"ENSG00000134324",4592.80856464864,-0.629623617236539,0.211292032046463,-2.97987392680329,0.00288367039562891,0.024640466346098
"ENSG00000134333",14136.3284571406,-0.917424822081677,0.227236404997178,-4.03731445273071,5.40665766876352e-05,0.00091264970730218
"ENSG00000134363",2906.3410530882,1.78268017436935,0.314896449316278,5.66116314820322,1.50350399065655e-08,6.73316184731373e-07
"ENSG00000134371",939.668267626583,-0.30921400653178,0.0925886913441806,-3.33965198171272,0.000838834376484106,0.0092029143370467
"ENSG00000134376",6.52702839145316,2.00425277801058,0.737389492768791,2.71803815712765,0.0065670264355654,0.046370891453261
"ENSG00000134508",1062.20391289197,-0.842956052691403,0.22015842634106,-3.82886118283536,0.000128737592570303,0.00191867534716847
"ENSG00000134531",5535.39789350786,-0.971117868803234,0.155882686512777,-6.22979941216011,4.67032762818606e-10,2.99015072126462e-08
"ENSG00000134532",146.945243394969,-0.683875359492356,0.184692148876833,-3.70278522206387,0.000213245405754778,0.00294878412645279
"ENSG00000134684",1227.48943539205,0.745841754686121,0.12217759150437,6.10457077687149,1.03077307151221e-09,6.14003767117128e-08
"ENSG00000134686",2737.98198594824,-1.38714097803915,0.0915842458281445,-15.1460654121898,8.0440391377876e-52,3.73746168439457e-48
"ENSG00000134697",976.889013761479,-0.473298161170845,0.147510350731618,-3.20857593262706,0.00133394080282287,0.013393457493497
"ENSG00000134744",846.845410692265,0.364473510082405,0.119779001662872,3.04288318505314,0.0023432327525374,0.0210087430492622
"ENSG00000134769",300.900994406711,0.894236309858331,0.174426355453694,5.12672702202808,2.94822500438752e-07,9.41686524024532e-06
"ENSG00000134780",128.71106911623,0.665832378672191,0.248019402972281,2.68459794150301,0.00726171034241521,0.049984772856958
"ENSG00000134851",1896.08242386176,-0.611805639640132,0.117098038563588,-5.22473003941821,1.74409377383615e-07,5.94751977738436e-06
"ENSG00000134853",16357.0643813987,-0.597519386040882,0.212398847050406,-2.81319505420422,0.00490518867803266,0.0370380179632338
"ENSG00000134871",4201.99392576491,-0.898649104265356,0.197160257615521,-4.55796272095464,5.16522024121415e-06,0.000119397535053439
"ENSG00000134874",1606.48787114292,0.426819983875545,0.129717363731629,3.29038435254195,0.0010005061875548,0.0106392314835347
"ENSG00000134986",577.78114524031,0.598127933047682,0.175844839785825,3.40145285910118,0.000670286879688566,0.00767546621011213
"ENSG00000134987",1075.11623754845,0.727482431335929,0.155704654008696,4.67219452088633,2.97998530749852e-06,7.42399824931099e-05
"ENSG00000135018",2156.53255951164,-0.235397271086809,0.0870377109647104,-2.70454344993346,0.00683983239044355,0.0477349924808086
"ENSG00000135048",940.087350917675,-0.900824402801023,0.189629188181926,-4.75045224544647,2.02962222441424e-06,5.25355557670456e-05
"ENSG00000135052",1979.36516159337,0.36005762899509,0.126266836643799,2.85156133285273,0.00435050924427359,0.0337698546761287
"ENSG00000135069",724.588192605061,1.26744542613467,0.297506547145248,4.26022700440229,2.04219382181301e-05,0.00039867827918482
"ENSG00000135070",761.621761859091,-0.537369951754865,0.103107539679558,-5.2117425498167,1.87075046158227e-07,6.33295033306131e-06
"ENSG00000135090",1359.76813190243,-0.364625277204919,0.0908435960620764,-4.01376974284196,5.97566416718732e-05,0.000996927455540183
"ENSG00000135093",325.215636784664,0.40618351463652,0.129243221405231,3.14278389396505,0.00167349342716527,0.0160236349015284
"ENSG00000135111",1793.56863519939,0.446663537123451,0.138465286523834,3.22581600296308,0.0012561408273762,0.0127500695121718
"ENSG00000135241",950.586651758721,-0.53531951454603,0.14444770717214,-3.7059744666496,0.000210579514625284,0.00292061214873948
"ENSG00000135272",1300.29681148524,-0.407311000136205,0.116280283125373,-3.50283804948295,0.00046032925172841,0.00564328439536444
"ENSG00000135315",326.011301219632,0.366427272181362,0.12370183914074,2.9621812798148,0.0030546787871505,0.0257232466058868
"ENSG00000135318",4217.57266752344,0.869929281805245,0.257441073105811,3.3791394329983,0.000727131193887852,0.00823057516458072
"ENSG00000135362",111.758709305623,-1.54123535298974,0.198226721899081,-7.77511396154955,7.53795136951105e-15,1.05332952031852e-12
"ENSG00000135414",535.904597144306,0.449432022216611,0.103493347081562,4.34261751977564,1.40795127746057e-05,0.000290419250739231
"ENSG00000135446",1024.26212930002,0.775545049228318,0.16199053366696,4.7875948777524,1.68791946342093e-06,4.45596352665879e-05
"ENSG00000135472",155.838486168483,1.63658858727726,0.360540314906324,4.53926653861851,5.64502428637406e-06,0.00012920292655451
"ENSG00000135503",738.189961774007,-0.330689085045535,0.0796712703101222,-4.15066916541333,3.31504647808923e-05,0.000603216133310986
"ENSG00000135541",434.657704877682,0.480705685502338,0.13536642520787,3.55114412428459,0.000383560316937736,0.0048460016929217
"ENSG00000135596",1341.49133159873,-0.435019205469669,0.117470428906211,-3.70322309640147,0.000212877518655735,0.00294588881922326
"ENSG00000135604",21.3324888502611,-2.47289579114592,0.58897113671373,-4.19867059181183,2.68486551155394e-05,0.000504532108515975
"ENSG00000135678",856.466552506197,-1.46480714440256,0.299329230373342,-4.89363214737018,9.89917907220503e-07,2.72961784950935e-05
"ENSG00000135679",2120.79747883821,0.581104937862515,0.100666332078033,5.77258479440838,7.80646371075431e-09,3.7105659351501e-07
"ENSG00000135723",340.494100877645,0.812126181007497,0.235137037445245,3.45384202264015,0.000552661015164159,0.00652139997893708
"ENSG00000135749",539.381076352646,0.600741063324765,0.137762912791489,4.36068787420324,1.29654203819868e-05,0.000271353984008135
"ENSG00000135776",303.027890941649,-0.362580253723023,0.109285459425785,-3.31773554897529,0.000907503610829718,0.00978871422360436
"ENSG00000135778",657.189884693314,0.410920845692354,0.138564591680576,2.96555448046657,0.00302137825912541,0.0255005971597846
"ENSG00000135801",321.063924390112,-0.428926687634941,0.152539000665764,-2.81191489234143,0.00492475320708826,0.0371197637241739
"ENSG00000135821",19611.1821813456,-3.00413324121313,0.268904803333945,-11.1717351418315,5.60746375825888e-29,4.73703245214733e-26
"ENSG00000135823",807.100639173888,-0.469165158175499,0.1378085649189,-3.40447024066757,0.000662925232508783,0.00760053389646868
"ENSG00000135847",682.002579681516,0.332778264849478,0.113881253332896,2.92215140868448,0.00347622506767899,0.0284481034270427
"ENSG00000135862",33937.8193999739,-0.804088924417281,0.0995233702129352,-8.07939806195161,6.50872427771846e-16,1.04279862673619e-13
"ENSG00000135899",568.439016693007,-0.535555854258333,0.188514432431783,-2.84092760087285,0.00449825232304053,0.0346888047401279
"ENSG00000135917",50.6422476714868,-1.40455220391644,0.383132097370171,-3.66597372957611,0.000246399220850839,0.00334442532367579
"ENSG00000135926",5280.48516836083,-0.542962219601705,0.13291507910933,-4.08503100807011,4.40709308230806e-05,0.000769791587732098
"ENSG00000135956",2376.16286336711,-0.344517998475784,0.103785163014951,-3.31953034969127,0.000901690028631775,0.00973730922842623
"ENSG00000135976",398.126953518094,0.530987949336354,0.116040666796534,4.57587812958187,4.7422656542559e-06,0.000110444871158328
"ENSG00000136014",230.140354623131,-0.493765747646653,0.169735435195363,-2.90903161781354,0.00362550191654485,0.0293850645961562
"ENSG00000136051",2086.28381510815,-0.347277830452014,0.116685530755492,-2.97618589214558,0.00291857891885754,0.0248587484908191
"ENSG00000136052",348.23528761617,0.968081537466321,0.27816921111618,3.48018939113284,0.000501059445446707,0.00603511976255803
"ENSG00000136111",694.198213034381,-0.560126477474841,0.16048214980572,-3.49027276960667,0.000482527765830295,0.00586351611386857
"ENSG00000136141",516.220766107803,0.614921756879887,0.134356330578027,4.57679779013295,4.72147435272789e-06,0.000110098620885129
"ENSG00000136156",15036.7673621271,-0.518619521390758,0.150123679049641,-3.4546150525612,0.00055107903191627,0.00650686391878264
"ENSG00000136158",250.499987685126,-0.643276850613636,0.193879448078122,-3.31792181683143,0.00090689865461634,0.00978786962604221
"ENSG00000136193",4945.37509384949,-0.438919533072884,0.136693320203886,-3.21098011532832,0.00132283087954654,0.0132890875115527
"ENSG00000136235",26386.2242999403,0.404220879312123,0.0771623356992296,5.23857754757103,1.61818979164876e-07,5.56507411251039e-06
"ENSG00000136237",98.5195560863611,-2.77731680624099,0.511142753330414,-5.43354432425195,5.5245552521665e-08,2.14798868957143e-06
"ENSG00000136238",4909.22784343331,-0.331060454502654,0.0739537753066488,-4.47658626121404,7.58460311043468e-06,0.000167609808332258
"ENSG00000136267",8.39945250963307,3.25773712292336,1.1644548814994,2.79764993447283,0.00514758695861092,0.038391612987706
"ENSG00000136270",569.21255406903,-0.524192536499317,0.129921791221574,-4.03467756694747,5.46773282891953e-05,0.000921285717365997
"ENSG00000136295",2212.63724612279,0.736453433087012,0.219947960231983,3.34830762836019,0.000813067053378689,0.00898920356159604
"ENSG00000136367",52.3906758987279,0.672256196117993,0.248801447842531,2.70197863375566,0.00689281916445876,0.0480846583896003
"ENSG00000136378",1777.29651763299,-0.76712235941324,0.257171456539671,-2.98292185973953,0.00285510877399006,0.0244977823474632
"ENSG00000136379",506.021237219142,-0.603286270394663,0.140960491613124,-4.27982524387347,1.870401197662e-05,0.000370957363217659
"ENSG00000136383",68.7862408212199,-3.03981012242731,0.528405901036612,-5.75279366953302,8.77805971131174e-09,4.16174080955941e-07
"ENSG00000136436",3129.16074209745,-1.15221193106703,0.18054171115736,-6.38197081262158,1.74823290131176e-10,1.20784046360145e-08
"ENSG00000136478",3701.52859767166,-1.48546165516913,0.215827456269696,-6.88263523484665,5.87553411911043e-12,5.59983597967525e-10
"ENSG00000136546",4991.26837107808,-1.42658711130412,0.383392933890104,-3.72095306199106,0.0001984723290574,0.00277547647519321
"ENSG00000136560",1185.72504564015,-0.536479560617066,0.0962664174220478,-5.57286305010242,2.50586557602734e-08,1.05844344841973e-06
"ENSG00000136720",1470.32619798526,-0.512596010534329,0.161004958101065,-3.18372810738267,0.00145391507780788,0.0143195610604449
"ENSG00000136783",283.352922452074,-0.515915214053959,0.142841038685963,-3.61181365523533,0.000304063031522544,0.00398277279207826
"ENSG00000136827",967.772343343443,-0.257612496925454,0.0957735309245147,-2.68980891107059,0.00714929439888717,0.0494569183850327
"ENSG00000136830",17998.6640875342,-0.663775970497225,0.115854705856519,-5.72938289895,1.00796642625132e-08,4.70679799795999e-07
"ENSG00000136859",6422.25233370657,0.875024875177637,0.138352463751117,6.32460638179687,2.53878898734648e-10,1.70337160035503e-08
"ENSG00000136868",1056.67394754064,-0.419397229741284,0.147235595003878,-2.84847716158744,0.004392900617597,0.0340317040341977
"ENSG00000136877",1049.27391437812,-0.635328656609887,0.0811661190006178,-7.82751059718713,4.97624709960774e-15,7.03947680139413e-13
"ENSG00000136925",298.983376780218,0.377555641574032,0.117580568553625,3.2110377268829,0.00132256570243984,0.0132890875115527
"ENSG00000136986",1285.15284607618,-0.315671853254811,0.101767934980213,-3.10187932295363,0.00192296331578364,0.0178423730523409
"ENSG00000136997",743.819484434775,-0.847903849870155,0.128974492115145,-6.57419801361319,4.89160989053695e-11,3.885067086138e-09
"ENSG00000136999",435.712716722131,2.57963126702489,0.332589882769019,7.75619283890371,8.7516917114385e-15,1.20481622560803e-12
"ENSG00000137076",19706.8639767653,-0.563513480810224,0.110069820336566,-5.11960025997261,3.06183958883979e-07,9.7272288476218e-06
"ENSG00000137124",672.018140520954,-0.997069025454213,0.262452062796884,-3.79905196716194,0.000145250636600542,0.00213523081825997
"ENSG00000137193",745.563889078911,0.842255733921355,0.232549476278278,3.6218345764558,0.00029252116302579,0.00386389894444514
"ENSG00000137266",141.425808075386,1.37799917270298,0.223744280864752,6.15881294206553,7.3292235334903e-10,4.51038474734825e-08
"ENSG00000137269",99.5920135559072,-0.692841989659749,0.198329857355323,-3.49338218107257,0.000476943391800394,0.00581245438466251
"ENSG00000137273",2260.3040754943,0.719885047333822,0.191335066639355,3.76243131997714,0.000168269525402548,0.00240560702277412
"ENSG00000137309",3240.75347802107,0.474406974015135,0.141861375918894,3.34415883775417,0.0008253246966899,0.00909766280425967
"ENSG00000137331",136.253161853704,1.24076199489357,0.408959970821974,3.03394484403876,0.00241378555995195,0.0215466881036057
"ENSG00000137343",159.982594840016,0.788877270181101,0.152846043841471,5.16125409826969,2.45300953157699e-07,8.01215854909636e-06
"ENSG00000137393",158.284949779487,-2.17492584162871,0.362678522460499,-5.99684212584048,2.01191481760479e-09,1.109538186504e-07
"ENSG00000137500",877.922389404443,0.260692259391742,0.0881074817004519,2.95879821282424,0.00308841259557316,0.025961305113321
"ENSG00000137547",359.45362030774,-0.384988884867696,0.142762719915582,-2.69670460954615,0.00700293603874026,0.0486904475420829
"ENSG00000137642",14.7517004915548,1.66687215149466,0.549447790114114,3.0337225510516,0.00241556470241484,0.0215522179521747
"ENSG00000137672",655.449436784439,-1.95878946201293,0.223909167287444,-8.74814321245868,2.16891898840389e-18,4.85654932523932e-16
"ENSG00000137673",5.10293849889173,-5.15207838407855,1.37350846420837,-3.75103504516661,0.000176106080320549,0.00250206561952608
"ENSG00000137693",4152.95194410002,-0.351008668681124,0.103072193693494,-3.40546422951781,0.00066051666027705,0.00757759390817837
"ENSG00000137767",879.787346655915,-1.03090251278917,0.165766258027762,-6.21901299489142,5.00291876878256e-10,3.15183882433301e-08
"ENSG00000137801",90563.5148165434,-1.95864588800145,0.290706259265845,-6.73754288245408,1.61087408168335e-11,1.43933148115794e-09
"ENSG00000137821",247.054830817447,0.645896807633803,0.188555781437156,3.42549458155477,0.000613681174687858,0.00711494986373914
"ENSG00000137869",63.2498899210653,-1.14408318769317,0.343780995362592,-3.32794192560435,0.000874901026580924,0.00952550414704539
"ENSG00000137872",288.772414254897,1.32592578205458,0.245495665887964,5.40101503323357,6.62648717081125e-08,2.51333191978627e-06
"ENSG00000137880",101.962962445237,-1.34634456443474,0.242215748062083,-5.55845181498954,2.72178073911804e-08,1.13928592424569e-06
"ENSG00000137959",102.244983985296,-1.73367990020051,0.370161926792472,-4.68357163369879,2.81918866531153e-06,7.07079910186434e-05
"ENSG00000137962",4500.60695160733,-1.2013403374335,0.283886823161204,-4.23175800854738,2.31871807264535e-05,0.000447026715561347
"ENSG00000137965",215.395999653605,0.842150695039026,0.170490506307947,4.93957530701387,7.82929029157725e-07,2.22829035327662e-05
"ENSG00000138002",543.006926856298,0.357569484894346,0.110379989929252,3.23944118063002,0.00119764165565198,0.012276982995197
"ENSG00000138032",835.441638796731,-0.794235285332942,0.204987141004788,-3.87456150390619,0.000106816864046086,0.00164065406470787
"ENSG00000138071",5185.39314988207,-0.289397228964766,0.103488551139731,-2.79641782378438,0.00516725497539754,0.0384749333805141
"ENSG00000138073",1697.49198137076,-1.12098090435887,0.217660063367302,-5.15014507951886,2.60285042014545e-07,8.47179948483418e-06
"ENSG00000138074",435.942592797619,-1.21160723411773,0.180886097878732,-6.69817773906539,2.11034497165518e-11,1.80740835475629e-09
"ENSG00000138078",1200.08214973285,0.665141141954269,0.0927313163536542,7.17277795796175,7.34909984823816e-13,8.64449497971559e-11
"ENSG00000138101",89.797038098383,0.56074624734332,0.205063811370333,2.73449636772158,0.00624757846696283,0.0446067021930481
"ENSG00000138135",37.8400888854461,1.5590584950129,0.369025582432703,4.22479787101812,2.39155333760214e-05,0.000459163417141898
"ENSG00000138160",155.127137823568,0.582200379249034,0.210814180234859,2.76167560740188,0.00575055824421315,0.0416988392386662
"ENSG00000138166",402.172984276172,-1.2778084466051,0.251941399222145,-5.07184786045589,3.93971306497895e-07,1.21024078202701e-05
"ENSG00000138311",109.655568696272,1.01044752413558,0.255604487187466,3.95316817499567,7.71231909521751e-05,0.00123563319297084
"ENSG00000138316",799.568584106461,2.40938630760908,0.305063267876791,7.89798891350691,2.83439352832289e-15,4.31780358392467e-13
"ENSG00000138356",4456.81245345477,-1.45507329172311,0.313034086395778,-4.64829025003821,3.34697729158028e-06,8.20627611662526e-05
"ENSG00000138375",610.508835082587,0.281556810806394,0.0844944365366009,3.3322526588414,0.000861460079973132,0.00940671891086995
"ENSG00000138380",237.04105522242,0.575948017219971,0.160563981739888,3.5870312319048,0.000334464276283333,0.00429579721819332
"ENSG00000138382",341.468285249803,-0.454111053401529,0.154669228155507,-2.93601422090862,0.00332459080957014,0.0275345455418276
"ENSG00000138385",1817.38844548674,-0.824371472459202,0.212209757810575,-3.88470106636219,0.000102455872232647,0.00158282825057668
"ENSG00000138400",22.9389456601657,0.981911314576397,0.358524876381845,2.73875365214719,0.00616725658370844,0.0441519505424581
"ENSG00000138459",887.883582292793,-0.313006613997725,0.101458877386802,-3.08505891312415,0.00203511837526193,0.018789207652381
"ENSG00000138468",328.207457527572,0.752321827988706,0.146613446344139,5.13132899299575,2.87703537439573e-07,9.21891421261116e-06
"ENSG00000138483",4.87042376809505,-3.67454847022459,1.01454768802698,-3.62185879834845,0.000292493768749628,0.00386389894444514
"ENSG00000138587",72.5729373702278,0.64017258125206,0.231478990826591,2.76557530757353,0.00568224832618422,0.041300189730987
"ENSG00000138604",1443.51596046545,-0.919597035508013,0.172187032541524,-5.34068693753838,9.25950395979815e-08,3.38090139671608e-06
"ENSG00000138615",840.380551881747,-1.3690599415119,0.325387050982083,-4.20748132840507,2.58232732304995e-05,0.000487234043643486
"ENSG00000138658",64.105512894453,0.976962150820703,0.215580426484414,4.53177575883186,5.84899202119376e-06,0.000132565264285227
"ENSG00000138669",239.22106335673,1.63729767773772,0.393627515437765,4.15951023118094,3.1893073543147e-05,0.000583973174186589
"ENSG00000138678",118.0698543624,-1.16003261967644,0.198311113274702,-5.8495593137514,4.92877103734068e-09,2.44269892610604e-07
"ENSG00000138686",639.791099226706,-0.48445488219681,0.115061268330393,-4.21040797851907,2.54909938621702e-05,0.000481943154555883
"ENSG00000138696",44.4097751506205,-0.889306923386016,0.253707921279481,-3.50523909108209,0.000456197398097575,0.00560742635161602
"ENSG00000138735",6850.26951693182,1.16618269019702,0.229485599835343,5.08172491447728,3.74022801889803e-07,1.15686470921513e-05
"ENSG00000138802",1234.2776968396,-0.493344595880857,0.120402110952818,-4.09747463708658,4.17681915516934e-05,0.000735793213258978
"ENSG00000138829",15701.2752863824,-2.07370706759559,0.67079749781148,-3.09140549027268,0.00199211387256044,0.0184287886120138
"ENSG00000139055",17.49711290331,-2.06270746577733,0.715449966446347,-2.88309114894902,0.00393793475093099,0.0313164387445668
"ENSG00000139132",1223.46614081102,-2.2539149350255,0.205632039413187,-10.9609131994095,5.89019758452668e-28,4.0544193373492e-25
"ENSG00000139154",655.645979273712,0.26639854398705,0.0956159180329578,2.78613173901886,0.00533411885710558,0.0394487063109061
"ENSG00000139173",173.273714717934,0.629776869655919,0.144550675468513,4.35678953152386,1.31984068957621e-05,0.000274991471028855
"ENSG00000139220",64.4287170234692,-0.992127573904945,0.333170822351292,-2.97783451414859,0.0029029267462639,0.0247708418637808
"ENSG00000139269",16.8065994873514,1.85151087393124,0.421969157835203,4.38778721039686,1.14509725308121e-05,0.000242663995992181
"ENSG00000139289",1975.8673223812,0.991154139443618,0.0983188064436252,10.0810229018792,6.70246879197385e-24,2.83103142042805e-21
"ENSG00000139291",526.020604939608,-0.702262234208861,0.154816731823449,-4.5360874495769,5.73074254832428e-06,0.00013068202485964
"ENSG00000139329",13692.8259397137,0.85836914990707,0.292867015493333,2.93091780397718,0.00337962190870072,0.0278785056250346
"ENSG00000139354",124.248595580077,1.12942393356699,0.244318533926606,4.62275176350834,3.78682783174001e-06,9.14018685856716e-05
"ENSG00000139410",64.0240004812187,0.830008264569833,0.254654938577632,3.25934485781356,0.00111669837281078,0.0116333179701168
"ENSG00000139436",935.855154027469,-0.514830277696029,0.127375634001769,-4.04182700820848,5.30363542912246e-05,0.000898523832727811
"ENSG00000139437",395.949232751217,-0.37518525706063,0.120848420679269,-3.10459379569692,0.00190540503395817,0.0177059762780563
"ENSG00000139567",871.096694833981,-0.851601875207977,0.172072843002688,-4.94907772980002,7.45659657567658e-07,2.13859332344057e-05
"ENSG00000139624",670.354005498229,-0.47368651444959,0.10979303143459,-4.31435864608394,1.60066911357078e-05,0.00032405703132585
"ENSG00000139644",10990.0802883539,-0.307767078890247,0.104402179564317,-2.94789898232582,0.0031994159443168,0.0266641907287568
"ENSG00000139687",1188.60705079914,-0.321907971791632,0.0835155290381244,-3.85446845034871,0.000115981337930575,0.00174960484207771
"ENSG00000139793",1671.81267973834,-0.511957742928205,0.12622771557195,-4.05582673035375,4.99572843004149e-05,0.00085414547260645
"ENSG00000139880",158.634803372954,0.752786545249063,0.203370746243904,3.70154783395563,0.00021428824707873,0.00296100154048936
"ENSG00000139910",307.419212023495,0.606275615847698,0.189068790288734,3.20664037106194,0.00134294767487511,0.0134620725661024
"ENSG00000139946",386.865775766988,0.669557364724873,0.160747571517504,4.16527203741901,3.10981524794275e-05,0.000570542116318025
"ENSG00000140092",9406.33822810363,-0.325107135818883,0.10453715516109,-3.10996731561995,0.00187108046868246,0.0175085069491908
"ENSG00000140105",2493.98511104818,1.33459486972888,0.223920894692137,5.96011761905371,2.5205644534534e-09,1.34999107687122e-07
"ENSG00000140265",499.75469569812,0.278612403468997,0.100869115052636,2.76211805093769,0.00574277101970339,0.0416586258396516
"ENSG00000140299",1709.8147878294,-0.285074756157233,0.0954264751256954,-2.98737594343428,0.00281383468808703,0.0242443753723215
"ENSG00000140332",447.23544700882,0.437412678618698,0.148107438646476,2.95334712838278,0.00314348260415832,0.0262923601252396
"ENSG00000140374",1284.83561830315,-0.315809989542413,0.0981539872937703,-3.21749526687294,0.00129315160624128,0.0130615340228229
"ENSG00000140443",4564.24397435013,-0.562996775402963,0.113963389593666,-4.94015470591317,7.80606115468409e-07,2.22508660367797e-05
"ENSG00000140450",1269.75422771191,0.727749527519216,0.122050980345448,5.9626684313344,2.4815164285083e-09,1.33291857872332e-07
"ENSG00000140455",252.635746786853,0.495610837119684,0.11707397867012,4.23331335237329,2.30273303232121e-05,0.000445123964048429
"ENSG00000140497",1317.84994533705,-0.311101560228207,0.0952584816049517,-3.26586730112266,0.00109129375772747,0.0114327477380863
"ENSG00000140511",146.448873946327,-1.3410039313463,0.383715655118147,-3.49478556180723,0.000474442773723874,0.00578957252111504
"ENSG00000140545",9199.62673062643,-1.09382327259947,0.16997512601281,-6.43519612697354,1.23313997719374e-10,8.9523072172444e-09
"ENSG00000140564",2480.850853577,-0.494693206527899,0.130878703770759,-3.77978381719289,0.000156964582266026,0.00227345849167789
"ENSG00000140600",11.2052805172293,2.77328569224652,0.774400048418357,3.58120547372216,0.000342012540605072,0.00438063615930066
"ENSG00000140682",1826.94963082244,-0.622889596300654,0.124041821100441,-5.02160957308326,5.12402585665004e-07,1.54594189197794e-05
"ENSG00000140807",96.2206654269905,-2.51058829298413,0.379087604988459,-6.62271269212445,3.52666077533948e-11,2.92602636203947e-09
"ENSG00000140995",1000.77626689966,-0.246568399107966,0.0893219998292438,-2.76044423075311,0.00577228123486179,0.0418400338338168
"ENSG00000141150",151.081935316277,-1.57176559356924,0.303883436930173,-5.17226476522446,2.31273560820558e-07,7.59402672765031e-06
"ENSG00000141298",2049.47544455989,-1.21736960234317,0.18686990283877,-6.5145300760043,7.29175713180252e-11,5.53131862426734e-09
"ENSG00000141401",627.527233035192,-2.35552276529664,0.233148534103688,-10.1030991867574,5.3523419678419e-24,2.36841132077004e-21
"ENSG00000141452",296.434702514611,-0.527671238117735,0.149092158890349,-3.53922863579844,0.000401298121864721,0.0050290799695589
"ENSG00000141458",936.347762027973,-0.859587287056915,0.189644173617359,-4.53263219565758,5.82531964908684e-06,0.00013235154728396
"ENSG00000141469",53.4365283575179,3.86508550126859,1.01333212253003,3.81423367061381,0.00013660616768205,0.00202296862659036
"ENSG00000141522",2530.32392391051,-0.456595922665413,0.0973162431636637,-4.69187781835683,2.70708788131395e-06,6.82648958944638e-05
"ENSG00000141574",628.619794011233,0.688132664388373,0.136046849403319,5.05805659893203,4.23550736863952e-07,1.29468592839088e-05
"ENSG00000141867",1490.7226790944,-0.466774921571569,0.118027850617658,-3.9547862570475,7.66031048293996e-05,0.00122835953688903
"ENSG00000142002",1297.46586457429,-0.446043076041427,0.108685843603042,-4.10396663681913,4.06126057101354e-05,0.000718159159964669
"ENSG00000142102",601.69064653268,-0.458037079491063,0.1599368286426,-2.86386245981285,0.00418509691044514,0.0327494846655254
"ENSG00000142227",2282.8695838963,0.599323809624175,0.13533092312922,4.42857992664333,9.48555670575712e-06,0.000205225927097202
"ENSG00000142279",532.104273804327,-0.656569240223049,0.165965690263846,-3.95605404453934,7.61979297979164e-05,0.0012229175520676
"ENSG00000142327",960.811915585586,-0.605745904115509,0.0942708171034114,-6.42559301730704,1.31356411953382e-10,9.38945736982159e-09
"ENSG00000142459",569.959854040215,0.36699302103397,0.101802471008205,3.60495199575647,0.00031221063244668,0.0040555013132876
"ENSG00000142634",562.850530168129,-0.421896611332932,0.153332876344157,-2.75150783962327,0.00593215999034923,0.0427819920142182
"ENSG00000142794",969.763463627553,-0.448751472585047,0.141707564365365,-3.16674324758015,0.00154156358984817,0.0150235759398679
"ENSG00000142864",5386.57872036046,-0.434791176820628,0.110938175100609,-3.91922056069806,8.88357920348064e-05,0.00140153921474268
"ENSG00000142871",5220.28645755339,-1.81851276637357,0.339280836338581,-5.35990416080799,8.32661131522814e-08,3.0765421728333e-06
"ENSG00000142875",1011.1632525979,0.591361150643578,0.116545616097352,5.07407460225365,3.8938627980291e-07,1.20012338476568e-05
"ENSG00000143013",1508.68229966748,0.379571593659096,0.117274120137013,3.23661855843077,0.00120954970595902,0.0123785689896742
"ENSG00000143067",220.893028263847,0.721947736543569,0.235622952104877,3.06399580386476,0.00218401973422152,0.0198484140638176
"ENSG00000143106",1041.72800442107,-0.463632043427498,0.101546381565863,-4.56571702780748,4.9778988653001e-06,0.000115642813014503
"ENSG00000143127",265.813854593428,-3.72784437799954,0.77103377530705,-4.8348652126361,1.33235881806649e-06,3.58867951213997e-05
"ENSG00000143226",21.5687267911938,1.24978968136558,0.421910075510504,2.96221814530824,0.00305431304582065,0.0257232466058868
"ENSG00000143320",1492.12556609689,1.67067802257625,0.19567317843003,8.53810438395703,1.3644163923575e-17,2.75626941869176e-15
"ENSG00000143322",1137.68077678878,-0.531692170129965,0.11152083757974,-4.7676486445844,1.86388469808752e-06,4.87205303993762e-05
"ENSG00000143344",1077.62700223375,1.06919830908639,0.154816643276065,6.90622330042267,4.97726320149067e-12,4.89430881479916e-10
"ENSG00000143382",3069.10125529672,-0.886023371504709,0.318660985783993,-2.78045763689851,0.00542823415942892,0.0400177265129042
"ENSG00000143384",5933.54041739554,-0.594880607699963,0.110493980199662,-5.38382821059586,7.29181003512958e-08,2.73774322228047e-06
"ENSG00000143398",1261.35789339101,-0.38618260526554,0.113259580206074,-3.40971249021837,0.000650313960765708,0.007492923100329
"ENSG00000143416",1363.98756964213,0.626550783496724,0.20957660792771,2.98960265504843,0.00279340565042272,0.0241354923352424
"ENSG00000143434",183.22127702874,-0.859258909991926,0.256984809859345,-3.34361750977508,0.000826936639318924,0.00911002812195745
"ENSG00000143466",184.952135221006,0.446379457061355,0.165211413317042,2.7018681584955,0.00689510974486332,0.0480846583896003
"ENSG00000143493",314.244499257913,0.569929893672893,0.178318901966758,3.19612720461423,0.00139285690009421,0.0138577331307553
"ENSG00000143494",18.9609226599384,3.94191458656024,0.599862541844496,6.57136312335721,4.98567054430554e-11,3.94292285386887e-09
"ENSG00000143507",318.948951565759,1.17614849564052,0.199695696922876,5.88970375307965,3.86888532389646e-09,1.96456922799497e-07
"ENSG00000143549",4069.84150727786,-0.368830709584836,0.101819146375985,-3.62241015282984,0.00029187085196089,0.00386079699906985
"ENSG00000143570",2223.6152525423,-0.31751748274914,0.0658204502748053,-4.82399438811921,1.4071137787643e-06,3.77362331577698e-05
"ENSG00000143702",2135.65932940291,0.469723785352113,0.137452174233713,3.41736162393059,0.000632312288157912,0.00730816161406393
"ENSG00000143740",510.374491349128,0.440265036393955,0.0943724882607455,4.66518414961709,3.08340779287009e-06,7.65088569165428e-05
"ENSG00000143748",245.168704368301,0.371618665658301,0.131861602334925,2.81824776187992,0.00482865338009308,0.0366287849261347
"ENSG00000143753",2492.34904148346,-0.394693084625181,0.125044126975689,-3.15643040717873,0.00159712994615143,0.0154415031171249
"ENSG00000143761",5711.22513701889,-0.313668685320616,0.0755456594244573,-4.15204113261162,3.29523015057188e-05,0.000600999532368778
"ENSG00000143771",1080.80302286244,-0.50663672326668,0.117046833980107,-4.32849574857178,1.50131230441722e-05,0.000306614166786748
"ENSG00000143772",1242.3096655011,0.860529390511115,0.270930080616512,3.1762046818609,0.00149215629189351,0.0146187267711339
"ENSG00000143786",77.7765759900729,1.51648935608607,0.223700326801462,6.77911104453585,1.20917565473615e-11,1.09622095333031e-09
"ENSG00000143811",299.697973829178,-0.392780161501528,0.110078825523672,-3.568171804459,0.000359480770795605,0.0045732672284291
"ENSG00000143862",496.153145930915,-0.376197322504551,0.110840967651847,-3.39402777216987,0.000688727076943625,0.0078645727513915
"ENSG00000143869",99.0938255643294,-1.94962618034384,0.394750910814844,-4.93887696501934,7.85737656676851e-07,2.23286457940967e-05
"ENSG00000143878",3314.35130573517,-1.19920509051276,0.17473147912207,-6.86313134037501,6.73672339591447e-12,6.32333355116517e-10
"ENSG00000143891",528.391197527252,1.11204279162218,0.143348924449174,7.75759424701139,8.65555524685932e-15,1.20047383778269e-12
"ENSG00000144036",1481.15145384855,0.323831689127731,0.0831305829976288,3.89545793437979,9.8013372420231e-05,0.00152305896858695
"ENSG00000144118",1104.3847495222,-0.267798490301089,0.0899554312518311,-2.97701302271994,0.00291071646087351,0.0248031478337158
"ENSG00000144120",61.9845578767272,0.738326664418475,0.230574837550852,3.20211291162957,0.0013642351305251,0.0136386820337864
"ENSG00000144136",692.534866798658,0.501504282850922,0.127670531166446,3.92811307565647,8.56149571311809e-05,0.00135763991321075
"ENSG00000144228",404.450994778148,-0.504357503162538,0.105433759695221,-4.78364334744861,1.72146021726471e-06,4.52522463053247e-05
"ENSG00000144233",642.767275151236,-0.334290727515516,0.089832299539031,-3.72127541241745,0.000198219109321455,0.00277445786667835
"ENSG00000144306",475.303198382865,0.298411388093542,0.0992269441940904,3.00736247112318,0.00263525335235788,0.023091081354819
"ENSG00000144357",1161.74036914889,-0.275852306208728,0.10257275823167,-2.68933302530181,0.0071594954478409,0.0494643951294138
"ENSG00000144362",62.3746227709106,-1.45107387199209,0.338345446875117,-4.28873473958016,1.79693821587521e-05,0.000359097814430546
"ENSG00000144369",1303.27274542406,1.35032372283274,0.116074194953801,11.6332809662836,2.79157533471976e-31,2.88230153309815e-28
"ENSG00000144648",25.4179174064972,-2.20833858915398,0.683549476722978,-3.23069311637986,0.00123490450479519,0.0125895228862417
"ENSG00000144724",3000.69069923159,-0.925369668084697,0.169379182638386,-5.46330224098617,4.67357867820759e-08,1.85992419131666e-06
"ENSG00000144744",961.776472626349,-0.320488513595731,0.100600666517689,-3.18574940593836,0.00144379597339834,0.0142599071152814
"ENSG00000144746",5729.49372963527,-0.502295109936878,0.089409080916623,-5.61794288440662,1.93244352711677e-08,8.45046187093297e-07
"ENSG00000144747",1055.20443797012,-0.318512986959305,0.0816010645853458,-3.90329450452421,9.48921208019738e-05,0.0014832380698946
"ENSG00000144802",379.614451040145,-0.547701941058346,0.195469333025782,-2.80198398684926,0.00507893945548966,0.0380306566399175
"ENSG00000144824",1775.82676904464,0.378839778570688,0.137998683985013,2.74524196630621,0.0060466297085711,0.0433936200861824
"ENSG00000144827",330.844033459377,0.628507394311517,0.124550426497522,5.04620828676182,4.50664106817713e-07,1.3708007242565e-05
"ENSG00000144891",117.660308059197,-1.22745539856973,0.442997077557057,-2.77079795952297,0.0055919112297959,0.0408512854582377
"ENSG00000144895",1224.00696953941,0.192201081047206,0.0712171264521646,2.69880421497074,0.00695891027161227,0.0484205718449697
"ENSG00000145014",277.798565594268,0.429017560364791,0.159260494821417,2.69381029392041,0.00706403582889404,0.049005265352742
"ENSG00000145016",399.157442558419,-0.418520390632489,0.116097391452056,-3.60490778817647,0.000312263781507375,0.0040555013132876
"ENSG00000145041",577.755572447119,-0.350962691187577,0.114116293355506,-3.07548274543255,0.00210162088234348,0.0192882094312857
"ENSG00000145242",26.3220865807901,1.4935916298195,0.426339885139629,3.50328853077009,0.000459551385666408,0.00563746699842257
"ENSG00000145244",167.01361710736,-1.95569555257335,0.291560439032619,-6.7076848939528,1.97736338802777e-11,1.71725694235963e-09
"ENSG00000145362",1979.7948623473,0.999498286900848,0.185705730991814,5.38216177585227,7.35965746731725e-08,2.75209726418694e-06
"ENSG00000145386",171.655368810212,-0.984221521051567,0.268696409538145,-3.66295002878273,0.000249327191987405,0.00337736578942123
"ENSG00000145390",8442.05371962528,-2.30681438364585,0.590778391538079,-3.90470338232939,9.43410242563786e-05,0.00147586526582895
"ENSG00000145431",1011.11729544599,0.748821632325718,0.188877917838394,3.96458008906269,7.35252589019479e-05,0.00118899313478904
"ENSG00000145506",157.505016362646,-1.37722623182096,0.481805207245748,-2.85847103997465,0.00425687963310412,0.0332272608069047
"ENSG00000145569",20.5334762848359,-2.41972027417825,0.656851131871203,-3.68381838253833,0.000229765978729387,0.00314447769859032
"ENSG00000145604",618.773243803063,-0.936862576895762,0.221660460035443,-4.22656605849307,2.37284634722355e-05,0.000456042909649945
"ENSG00000145632",523.67753307386,1.02915669011499,0.253040405849815,4.06716345027449,4.75888651003221e-05,0.000820444395073734
"ENSG00000145675",3495.18501005827,-1.62869677543932,0.283223980225355,-5.7505610017323,8.8947802191028e-09,4.20634835552228e-07
"ENSG00000145685",2018.16368824202,1.24346121427313,0.15279740461154,8.13797339970796,4.01949122917905e-16,6.72993193642276e-14
"ENSG00000145687",731.427792572339,0.70161797140467,0.148696542701542,4.71845517493257,2.37642315124934e-06,6.06673410246828e-05
"ENSG00000145777",152.372544224853,2.78658634806389,0.261723972553972,10.6470428401023,1.79992202333737e-26,1.0453609626164e-23
"ENSG00000145861",91.5670039512737,1.022790102165,0.326420656372088,3.13334981165874,0.00172823338092659,0.0164376752223749
"ENSG00000145901",2570.81371839538,-0.570429877680051,0.135420910715982,-4.2122732350871,2.52813468144134e-05,0.000479932411180668
"ENSG00000145907",2892.17126188813,-0.296851240856736,0.104371531372372,-2.84417826349261,0.0044526128802547,0.0344082371640472
"ENSG00000145911",65.4293136547963,1.34879423934992,0.341919059984745,3.94477640237458,7.98744742508421e-05,0.00127422069008747
"ENSG00000145990",152.739421188504,-0.827303913906719,0.273080304799211,-3.0295261114309,0.00244937729686174,0.0217702903214612
"ENSG00000146006",46.8075965458274,4.1238037313749,0.463508680153103,8.89692881266593,5.74133002411367e-19,1.36798228843785e-16
"ENSG00000146122",1942.41443351691,-1.6531075669845,0.25717121322898,-6.42804280552429,1.2925734716144e-10,9.2750880192871e-09
"ENSG00000146143",378.677546252167,0.430218201149284,0.146603444137673,2.93457090097606,0.00334009234915319,0.0276506086008962
"ENSG00000146242",1777.77337699759,0.444507881019129,0.148792494968609,2.98743482400041,0.0028132927349398,0.0242443753723215
"ENSG00000146247",1489.34610125088,0.458854950795274,0.104051354773969,4.40988924932355,1.03423499120885e-05,0.000221443056585444
"ENSG00000146250",313.689977800113,2.73137461922869,0.346376503999811,7.88556552678348,3.1311423219249e-15,4.69292581072373e-13
"ENSG00000146278",2230.90736962271,-0.463808984105921,0.137517878299549,-3.3727177138061,0.000744302174639472,0.00837847117848249
"ENSG00000146281",409.852222743779,-0.585691504997223,0.134754607577968,-4.34635605805426,1.38417813459057e-05,0.000285832784792953
"ENSG00000146373",818.987563806969,-1.08987443150923,0.154477261358174,-7.0552418001652,1.72300840298208e-12,1.8836535982013e-10
"ENSG00000146409",175.221142735161,0.734147433023673,0.184932454555962,3.96981392361023,7.19287825868064e-05,0.00116750779421467
"ENSG00000146411",762.966844324659,0.927017897464735,0.189024838061954,4.90421209704145,9.38030913250948e-07,2.62154955229607e-05
"ENSG00000146416",614.849091293071,0.39599375852895,0.134051287630997,2.95404666025293,0.0031363658091309,0.0262604141510163
"ENSG00000146433",1580.4195470062,-0.287329895821254,0.0856973960312068,-3.35284278318822,0.000799861270783749,0.00886958336367301
"ENSG00000146535",2944.67378629676,-0.375892782908585,0.112983705023101,-3.32696456388759,0.000877975376024709,0.00954432577054874
"ENSG00000146592",669.401293086846,1.99489038122359,0.221555860756717,9.00400636846216,2.17627522114674e-19,5.69663027957918e-17
"ENSG00000146966",2650.69272130896,-0.429273229761156,0.128071746444003,-3.35181834932537,0.000802826767047444,0.00889185665409818
"ENSG00000147027",12593.3295910107,-1.14921725238279,0.266988506836287,-4.30436974984645,1.67461779539538e-05,0.00033755717708702
"ENSG00000147100",1313.5809520324,0.473451616261367,0.0830827581146899,5.69855439329302,1.20827584327868e-08,5.51739718607722e-07
"ENSG00000147119",453.232746335031,-1.5488423952862,0.210722598989503,-7.35014850193335,1.97986765983914e-13,2.45305603054069e-11
"ENSG00000147130",1009.89230774178,0.585736812791277,0.0965708601148052,6.06535772897687,1.31660272530981e-09,7.64658176558836e-08
"ENSG00000147140",4204.86123824425,0.405149574477737,0.0880612896004134,4.60076812769995,4.2093579586134e-06,9.95364892667364e-05
"ENSG00000147202",1230.12257039951,-0.687308252871078,0.193612373601204,-3.54991904746115,0.000385349628486114,0.00486530084606959
"ENSG00000147274",2945.34576060459,0.471645166412695,0.136487175964978,3.45560059454757,0.000549068265836588,0.00648724330614938
"ENSG00000147324",449.846712374942,-0.444025370235731,0.131685478104263,-3.37186284036704,0.000746616206830772,0.00839943232684619
"ENSG00000147437",98.8004083730938,-0.702943193928104,0.222450572827518,-3.15999722991564,0.0015777063886893,0.0152796629670613
"ENSG00000147459",1154.5131771835,-0.755647452758151,0.189875790251406,-3.97969352363265,6.90041684404113e-05,0.00113090164944007
"ENSG00000147475",1664.39716221298,0.406698245386736,0.117461003240212,3.46241079309551,0.000535359352975357,0.00635354634421903
"ENSG00000147526",8587.9138153644,-0.8934623143512,0.150033649441494,-5.95507952834012,2.59945392391247e-09,1.38426507667373e-07
"ENSG00000147576",242.963584113988,-1.49124523008297,0.279419083762343,-5.3369483930859,9.45239292780993e-08,3.43782235936101e-06
"ENSG00000147649",3480.07246259658,-0.53616816144029,0.14822252919824,-3.61731893485093,0.000297670425753853,0.00391799211234798
"ENSG00000147655",151.372682040395,1.48209778537813,0.506826115125704,2.92427272618053,0.00345262101781971,0.0283422975336481
"ENSG00000147679",376.045887653302,-0.325457019264381,0.113761554461535,-2.86087000836846,0.00422480239442732,0.0330184829690629
"ENSG00000147883",517.030621475995,1.48918483730284,0.277919530618472,5.35833100318234,8.39942518435178e-08,3.09728803672972e-06
"ENSG00000147905",374.064301515028,0.352451460600453,0.130735820022917,2.69590583926173,0.00701975070139853,0.0487891050057934
"ENSG00000148082",839.420930904349,-0.697881444899622,0.232594597272337,-3.00041984243726,0.00269607704988293,0.0235131825303023
"ENSG00000148110",1501.47211294004,-0.374487454969462,0.0927797978915113,-4.03630384501759,5.42998842632564e-05,0.000915756215093122
"ENSG00000148120",743.999875010981,-1.10060778382212,0.167521114844368,-6.56996453757256,5.03272464852638e-11,3.96327066071452e-09
"ENSG00000148153",376.329398088783,0.392712178361,0.113096595202693,3.47236075194991,0.000515902569704639,0.0061858382309424
"ENSG00000148158",794.689363789277,0.571354109126269,0.181904219467347,3.14096127511122,0.00168394296637856,0.016107092141094
"ENSG00000148175",11193.718773887,-1.45146587997405,0.0848248918320098,-17.1113201399489,1.22198224882846e-65,1.13552700472384e-61
"ENSG00000148180",13032.1643691024,-0.528190944310412,0.155751460429918,-3.39124232191761,0.000695765545230233,0.00793300776570791
"ENSG00000148219",127.279582532385,0.806183825670258,0.209008747645264,3.85717743756131,0.000114703898382073,0.00173314792799254
"ENSG00000148339",306.787167697161,-0.459138936799552,0.117502809694203,-3.90747198296316,9.3266852405046e-05,0.00146152146032696
"ENSG00000148343",576.21224044937,-0.388053495195252,0.1424799542723,-2.72356555121871,0.00645813981251269,0.0458809359386653
"ENSG00000148356",348.001298448618,0.503922758121657,0.144093003102088,3.49720491122415,0.000470160543370837,0.00574864059114935
"ENSG00000148399",287.214166398885,0.293999978896639,0.106668096823708,2.75621284761963,0.00584749314612105,0.0422862490741867
"ENSG00000148400",244.640247328908,0.773909439850456,0.191249507277659,4.04659573175727,5.19678772133563e-05,0.000882836378437137
"ENSG00000148411",1257.91982379611,-0.379884943707733,0.115717299545367,-3.28287079978738,0.00102755748568257,0.0108753735030812
"ENSG00000148468",539.880551691241,0.681304813969395,0.15529955108626,4.38703659607471,1.1490546229296e-05,0.00024322528664176
"ENSG00000148484",2645.93387626903,-0.368883580459227,0.12614301467068,-2.92432824300472,0.00345200524174725,0.0283422975336481
"ENSG00000148541",91.2060763280405,1.29400053289153,0.47171959220285,2.74315621882222,0.00608517284638743,0.0436315344714932
"ENSG00000148672",2596.7868471471,-0.271343763966178,0.0931274917142662,-2.91368057886403,0.00357195183831962,0.0290595527217349
"ENSG00000148677",5.28541894388298,-3.8580923097924,1.39796776560432,-2.75978631604901,0.00578391795816349,0.0418917050866985
"ENSG00000148719",1085.43039414993,-0.351725743925734,0.100840621987336,-3.4879370733146,0.000486762624410135,0.00589731641112279
"ENSG00000148730",3283.61671568989,-0.69689338832293,0.201828587177211,-3.45289732277142,0.000554600059581378,0.00653655055883653
"ENSG00000148814",217.847211815281,0.499388322431223,0.142523802051882,3.50389419340241,0.000458507493993857,0.005628376338095
"ENSG00000148841",491.560901547143,-0.470034760166664,0.156246349233358,-3.00829275354559,0.00262719923297748,0.0230422358399653
"ENSG00000148848",1365.17398590702,1.83307315853943,0.277211541456771,6.61254271343275,3.77774061838429e-11,3.10660661029522e-09
"ENSG00000148908",408.260975443912,0.633393987311686,0.146262347097386,4.3305334549975,1.48748543562604e-05,0.000304459436355836
"ENSG00000148925",504.987927414137,0.335229637695243,0.102863157299875,3.25898646799219,0.00111811000917041,0.0116414983307742
"ENSG00000148926",17317.5452388048,-0.659662942487071,0.166668883135411,-3.95792501921984,7.56036811802001e-05,0.00121442905335697
"ENSG00000149090",6312.91366239915,0.391259119058619,0.104633787971919,3.73931907314321,0.000184519397808152,0.00260386712852279
"ENSG00000149212",2822.88634293372,0.534845269010621,0.124682703418263,4.28965088458515,1.78954201401233e-05,0.000358004718303759
"ENSG00000149218",2027.18573134681,-1.96182696551716,0.250628488727029,-7.82762955433164,4.97154237870754e-15,7.03947680139413e-13
"ENSG00000149256",648.755202623655,1.43751748447906,0.32737613574117,4.39102710166874,1.1281647627316e-05,0.000239348654285008
"ENSG00000149257",6909.67316286932,0.671966573036938,0.172294850381095,3.90009667468662,9.61542853643412e-05,0.00149918405494654
"ENSG00000149289",397.581193360721,-0.729237909725374,0.123615085195103,-5.89926309215749,3.65128627449953e-09,1.87456230418712e-07
"ENSG00000149403",45.0598704159493,2.17468752832191,0.599600385297531,3.62689481469028,0.000286850076563765,0.00380353453150349
"ENSG00000149488",60.0268134309367,-1.0628560466932,0.356364203245134,-2.98249946828158,0.00285905145031493,0.0245163460833046
"ENSG00000149541",450.766868798178,-0.44151056497054,0.145022792637468,-3.04442189355876,0.00233127956737774,0.0209308361158045
"ENSG00000149548",20.4184138609164,1.05611336945065,0.360679785658315,2.92811910022355,0.00341019387897662,0.0280684026752793
"ENSG00000149577",1339.90317535198,-0.765206243874615,0.176875247968384,-4.32624831718339,1.51670435909647e-05,0.000309078404756665
"ENSG00000149591",7792.46432927398,-1.31646848148817,0.349109372660848,-3.77093422457922,0.000162637540582159,0.00233767880256723
"ENSG00000149633",241.89667346492,1.4882834796162,0.27750343767693,5.36311727189797,8.17978616852245e-08,3.02831326577669e-06
"ENSG00000149792",683.072218727543,0.539521062008326,0.0837848596445778,6.43936224631775,1.19976547676907e-10,8.77859897076897e-09
"ENSG00000149809",103.933829575937,-0.84118454374675,0.292439720263096,-2.87643738336902,0.00402191983499396,0.031848052890227
"ENSG00000150403",3626.54700512166,-0.282483555664197,0.0903434873985346,-3.12677276246897,0.00176736473912134,0.0166987664852924
"ENSG00000150510",318.427565298178,-0.686470752822649,0.254739402869924,-2.69479611355287,0.00704317136471573,0.0488970264524624
"ENSG00000150593",2233.9071881701,0.600174589685749,0.119166915481626,5.03641960740597,4.74320184611405e-07,1.43804904257797e-05
"ENSG00000150594",41.6521886975432,2.3335280258444,0.600656045867775,3.88496551711741,0.000102344413527107,0.00158242173494283
"ENSG00000150630",1278.71718366087,0.446564741511437,0.153825483925739,2.90306085906429,0.00369534818265164,0.0297808051464402
"ENSG00000150636",73.7826528021649,1.06245793358223,0.318110192754468,3.33990534657996,0.000838069485129525,0.0092029143370467
"ENSG00000150768",456.127265972328,-0.417853651620991,0.124090719144697,-3.3673239586415,0.000759014683812556,0.0085071807336442
"ENSG00000150907",678.868174958036,-2.28866082505544,0.26729177455788,-8.56240648946661,1.1053568497169e-17,2.25747879692182e-15
"ENSG00000150938",10974.7897659543,-1.05421533559157,0.273343871633127,-3.85673667857642,0.000114910833100019,0.00173486420240768
"ENSG00000150967",57.5164300001613,0.784088138081415,0.238462190301866,3.28810255868593,0.00100865088189398,0.0107057547915475
"ENSG00000150977",513.587079829898,-0.540368162116557,0.159367699944486,-3.39070063949464,0.000697142046376654,0.00794382889755371
"ENSG00000150990",367.836981197312,-0.618080080280688,0.174034799585032,-3.55147408308243,0.000383079717768012,0.00484322214606701
"ENSG00000151065",403.950239767704,0.477795332181051,0.118498397952924,4.03208263094719,5.52847406066707e-05,0.000930676543636752
"ENSG00000151151",336.395660657131,-0.640897490698179,0.198980428294833,-3.2209071826328,0.00127785525765856,0.0129210772380763
"ENSG00000151229",389.294218161142,-0.419541728105092,0.131840640007597,-3.18218819387494,0.00146166807718783,0.0143806782501513
"ENSG00000151276",635.365308891719,-0.590673555610242,0.217875446423409,-2.71106067850507,0.00670683515483235,0.0471431661696517
"ENSG00000151327",715.195609701023,-0.469160332964736,0.160919694265971,-2.91549356407115,0.00355126431404349,0.0289728916929317
"ENSG00000151332",332.135151347157,0.480512305634985,0.105358480625394,4.56073685556899,5.09744281773726e-06,0.000118124656817515
"ENSG00000151470",85.5109619692678,0.593246923375429,0.193967680340501,3.0584833634862,0.00222460430872079,0.0201679371110127
"ENSG00000151491",1713.93598470784,-0.519240919454572,0.191881747509205,-2.70604643846941,0.00680895236229183,0.0475730750575916
"ENSG00000151612",560.685291704018,0.524492679181866,0.0978926694659095,5.3578340650371,8.4225539182995e-08,3.09966662518012e-06
"ENSG00000151623",72.1614959058053,0.883071412725768,0.28248259061325,3.12610915528876,0.00177135789814152,0.0167279911265042
"ENSG00000151690",939.078455369772,-1.0362118368319,0.225626785212309,-4.59259230173782,4.37773782175985e-06,0.000102857468290021
"ENSG00000151694",1023.79164079346,-0.495615822299622,0.177787661304964,-2.78768401958715,0.00530862947376669,0.0393227894659043
"ENSG00000151726",1460.17800298032,-1.60418024322007,0.177466564679891,-9.03933789507699,1.5762362075976e-19,4.18490713117163e-17
"ENSG00000151743",32.1149764923643,0.835861494749739,0.272109910345238,3.07177895023833,0.00212787239158718,0.0194714467738296
"ENSG00000151779",1508.62314489671,0.371300478797308,0.0830346787881563,4.47163142215068,7.76251321337064e-06,0.000171134410522531
"ENSG00000151835",3251.98468912308,0.74358825268233,0.226625332198794,3.28113474988781,0.00103390336963473,0.0109238738627979
"ENSG00000151893",1064.17282798667,-0.647295078626802,0.166180393814783,-3.89513506237231,9.81440264147625e-05,0.00152381514696605
"ENSG00000151914",15420.8850586492,0.364464036093861,0.119570908876725,3.04809957135657,0.00230293606283876,0.0207264245655488
"ENSG00000151917",300.042639416163,0.647049463063052,0.118598872390223,5.45578090265545,4.87580840140629e-08,1.92801913064119e-06
"ENSG00000151929",1174.64293787778,-0.40191842503405,0.0967272714529673,-4.1551717421232,3.25043296798893e-05,0.00059457969202829
"ENSG00000152332",2975.43558811063,-0.657434814872224,0.0853272916402004,-7.70485974926321,1.30987069714224e-14,1.77693043112325e-12
"ENSG00000152377",6538.84565157531,-0.847310763371783,0.281565833256433,-3.0092811814994,0.00261866636759946,0.0229890951543864
"ENSG00000152463",7.53313262628742,-3.91390888821033,0.870060621362562,-4.49843239897576,6.84563565409472e-06,0.000152549326896104
"ENSG00000152484",844.464332483729,-0.528192240578401,0.182212323836309,-2.89877341695562,0.00374625514989216,0.0300492671388631
"ENSG00000152495",69.1122789706758,1.32526001456644,0.203778718109461,6.50342698620062,7.8510536721341e-11,5.93137530474034e-09
"ENSG00000152518",8098.46615997142,-0.636322978171143,0.142717193167919,-4.45862873313698,8.24856515048342e-06,0.000180564880237614
"ENSG00000152558",4794.88142059327,-0.362241370264511,0.121750188750518,-2.97528384951246,0.00292717556107325,0.0249157517763038
"ENSG00000152580",5992.50455672065,1.15543134514143,0.365352195359903,3.1625137601903,0.00156413343348981,0.0151799046207415
"ENSG00000152583",997.439773207048,-4.60252567692759,0.211770756716308,-21.7335280295249,9.89036416863162e-105,1.83812418074019e-100
"ENSG00000152601",5822.54908478731,-0.862932524978226,0.202497565036982,-4.26144642687742,2.03108046410258e-05,0.000396925661675568
"ENSG00000152642",244.598961431258,-0.844326661256222,0.21292052933911,-3.96545445325047,7.32562403362499e-05,0.00118594706154112
"ENSG00000152779",45.6803352931827,-4.0315993070511,0.669272640733403,-6.0238519576016,1.70314160986572e-09,9.53400205402241e-08
"ENSG00000152926",423.338778277586,0.595646118997201,0.170970436533014,3.48391295639104,0.000494140165039529,0.00597216309097971
"ENSG00000152990",650.358223327206,0.811603568147244,0.218636176218645,3.71211929418125,0.000205531069538307,0.00286329931880818
"ENSG00000153006",501.707127536857,-0.472592395256181,0.097725433361663,-4.83592017962415,1.32531099731488e-06,3.58007338446178e-05
"ENSG00000153066",699.653302924565,-0.53506600831663,0.111107781610867,-4.81573838086871,1.46656567072037e-06,3.92174431515656e-05
"ENSG00000153113",6797.98033524022,-0.35849608816697,0.107138115819044,-3.34611156287712,0.000819534150114332,0.00904061857531235
"ENSG00000153179",1140.43263303623,-0.391836742434212,0.11567866600833,-3.3872861432029,0.000705877246903034,0.00802859769503849
"ENSG00000153207",1843.64020675361,-1.28854338045982,0.230299180593221,-5.59508452066874,2.20514316818019e-08,9.53083390247181e-07
"ENSG00000153214",1120.22946121123,-0.680528894589592,0.215552118681786,-3.15714314826216,0.00159323111940062,0.015413951251463
"ENSG00000153250",3855.08013223529,-0.284775264151907,0.0989577086647691,-2.87774715072089,0.00400526027846569,0.0317438014511697
"ENSG00000153317",3791.39650369064,-0.291623183925664,0.103286812853753,-2.82343094794282,0.00475126595365954,0.0361789308492952
"ENSG00000153443",327.262252547006,-0.638417666503222,0.153904337706184,-4.14814602381131,3.35178594293257e-05,0.000605373583570474
"ENSG00000153560",1321.89153527504,-0.221648255812188,0.081248579197336,-2.7280262375278,0.00637145399723192,0.0453170579940892
"ENSG00000153721",424.504373067692,0.705500935605228,0.246921494778158,2.85718720534667,0.00427413670758021,0.0333266261195202
"ENSG00000153823",1396.46417768648,-0.623624865751284,0.178711035799563,-3.48957109985486,0.000483796340770019,0.00586903067441959
"ENSG00000153879",380.923996326692,0.631403511749072,0.161480024224613,3.91010290455996,9.22568097062798e-05,0.00144813581789798
"ENSG00000153904",3072.52924339866,-1.33302276330573,0.319941569961795,-4.1664569048183,3.09370343796419e-05,0.000568147019709134
"ENSG00000153936",1557.87258252394,-0.851402956750213,0.26497840289703,-3.21310320932482,0.00131309094582328,0.0132181961071128
"ENSG00000154027",746.151225100127,-0.972395895639921,0.27265495434067,-3.56639730971093,0.000361922537026504,0.00459751362507034
"ENSG00000154102",70.3429285062914,0.988981020792993,0.206324572400877,4.79332640453245,1.64038406709631e-06,4.34900683123894e-05
"ENSG00000154114",637.384273596256,-0.282079834963205,0.0867360305330361,-3.25216444918777,0.00114529737019127,0.0118651070635796
"ENSG00000154127",416.180003290357,-1.12105621134359,0.253563805803377,-4.42119965738682,9.81544254683371e-06,0.000211378910466865
"ENSG00000154134",186.271598483369,0.629930191862166,0.169703771252344,3.71193985386148,0.000205676867936988,0.00286329931880818
"ENSG00000154217",190.300717843695,-0.874954043454592,0.205002777666308,-4.26801067485433,1.97223892130457e-05,0.000389506777277462
"ENSG00000154262",2397.11809061523,-1.03756906108644,0.167373057936152,-6.19914025519115,5.67724235010275e-10,3.55257740998854e-08
"ENSG00000154263",153.558087557533,1.41265533912956,0.307024315618444,4.60111876247985,4.20227728599468e-06,9.95364892667364e-05
"ENSG00000154310",763.360161654028,1.12348380535747,0.193292139099198,5.81236159211262,6.15976077727262e-09,3.00470220592157e-07
"ENSG00000154319",89.7644504264354,-0.980033316854348,0.240161580160689,-4.08072480285407,4.48954846077985e-05,0.000779796805080313
"ENSG00000154582",682.344477194455,-0.263886372177181,0.0904911702465546,-2.91615603443064,0.00354373226237186,0.0289368471424346
"ENSG00000154608",825.933150866933,0.598247966598623,0.151569418534718,3.94702290463421,7.91289894942551e-05,0.00126558715124848
"ENSG00000154654",1333.94191737352,0.790511525392069,0.260069733925532,3.03961369691109,0.00236881772080012,0.0212063956363537
"ENSG00000154734",30315.1354711078,-2.29533320517724,0.255244565136568,-8.99268199481202,2.41269549545928e-19,6.14245832645352e-17
"ENSG00000154736",3780.4846510675,-2.12645967212116,0.413004385854653,-5.14875808817565,2.62216803635137e-07,8.51975401321507e-06
"ENSG00000154743",159.338486728561,-0.487613511656008,0.137107104159068,-3.5564423495539,0.000375910924286339,0.00476230710829012
"ENSG00000154767",1481.47984731089,0.557085932219322,0.0924240393312618,6.02750038031384,1.66514859356353e-09,9.34948235993299e-08
"ENSG00000154813",839.380629710787,-0.463484067941768,0.1213476564863,-3.81947275590026,0.000133737229076179,0.00198681566936914
"ENSG00000154856",1452.3845505628,-1.77170181662082,0.595874706425737,-2.973279109711,0.00294636393090918,0.0250494847465449
"ENSG00000154864",153.23479367767,2.60326418101174,0.732664076230788,3.55314838746334,0.000380649683130472,0.00481905610420969
"ENSG00000154930",670.046703530433,-1.88261725669066,0.303377749214555,-6.20552186692913,5.45156901137059e-10,3.42288547555143e-08
"ENSG00000154945",935.737384204365,-0.357398590584128,0.0830747625812911,-4.30213195294303,1.69162514668112e-05,0.000340615962633462
"ENSG00000155008",114.332514806429,-0.643176910133349,0.211354937430038,-3.04311277490857,0.00234144566933987,0.0210087430492622
"ENSG00000155011",12.1072114270442,1.58419313560003,0.514426161093042,3.07953454823132,0.00207324323122766,0.0190654257557477
"ENSG00000155085",135.485842548104,0.642492741023287,0.210527778722057,3.05181931298253,0.00227458975961867,0.0205110386620636
"ENSG00000155090",684.910334697619,0.607190442783591,0.216677068343662,2.80228289696329,0.00507423563209619,0.0380260762993982
"ENSG00000155130",5654.05696431278,1.18238233452119,0.160068023002306,7.3867491604126,1.50462062405345e-13,1.87673653006935e-11
"ENSG00000155324",535.890773830838,-1.30316987882986,0.310911046598266,-4.19145570119837,2.77170311461434e-05,0.000517709571709623
"ENSG00000155508",741.354117347496,-0.608611720032515,0.158069868260107,-3.85027030598288,0.000117987536730642,0.00177698409249513
"ENSG00000155511",2878.4414763699,-0.868563917008732,0.275182560174191,-3.15631890501683,0.0015977406776557,0.0154415031171249
"ENSG00000155749",18.9236022019863,-1.03030050126886,0.354067145043811,-2.90990145708486,0.00361542729477774,0.0293289900800717
"ENSG00000155827",1291.9754258094,0.355238996590318,0.0755999055348296,4.69893439783011,2.61522435618507e-06,6.61278158635368e-05
"ENSG00000155850",670.410250235649,-0.388825620229599,0.119700722921929,-3.24831471972978,0.00116090787432059,0.0119863738023601
"ENSG00000155893",344.838581559457,0.864602738372577,0.182826839299508,4.7290799408077,2.25539572738868e-06,5.76568495096543e-05
"ENSG00000155897",24.2886725181586,3.96643425509393,0.837760380826298,4.73456891239207,2.19521177360884e-06,5.6273118362097e-05
"ENSG00000155962",402.933078383503,1.23484692670267,0.194926572860433,6.33493375778388,2.3744326529577e-10,1.5988706831601e-08
"ENSG00000155975",941.004726000707,-0.481635821304508,0.105776164344759,-4.55334927569031,5.2798503913472e-06,0.00012189567642632
"ENSG00000156050",143.229527917907,0.742133668090235,0.186439273252599,3.98056511990769,6.87516268331266e-05,0.0011287535200474
"ENSG00000156113",750.942221494385,0.617609098447825,0.191053573108539,3.23264877175031,0.00122648254756808,0.0125105258762639
"ENSG00000156162",1098.79647474083,-0.456974279942815,0.15380074518346,-2.97120979093902,0.00296629074457819,0.0251498692919643
"ENSG00000156232",307.713213550576,-0.560234756748855,0.126018123244307,-4.44566814935615,8.76191151771377e-06,0.000190902843560036
"ENSG00000156239",233.251539833717,0.745933277324125,0.155754028331562,4.78917486317732,1.67468502670438e-06,4.43362125659557e-05
"ENSG00000156261",2417.93884124932,-0.275581071124723,0.0850496197602662,-3.24023872066117,0.00119429667979694,0.012254949239757
"ENSG00000156471",2275.98513434847,0.513300930951351,0.161941984732037,3.16965938018299,0.00152617731861801,0.0148970616945986
"ENSG00000156504",419.642998572445,-0.35722079834161,0.131307769842918,-2.72048484845145,0.00651862591385702,0.0461870616122885
"ENSG00000156671",1554.52043389354,-0.611340883959805,0.138860313946031,-4.40256014542361,1.06980918717539e-05,0.00022774803830074
"ENSG00000156675",1631.87785808313,-1.54529881954473,0.349351112261666,-4.42334020218401,9.71865218158073e-06,0.000209537297905659
"ENSG00000156804",3746.76356631838,-1.10610129141533,0.26184027356159,-4.22433599067852,2.39646298417837e-05,0.00045963121321935
"ENSG00000156869",182.245459929526,0.787390319455425,0.235879557837277,3.3381032535198,0.000843523975781963,0.00923800417790677
"ENSG00000156876",50.4663760963806,0.711596303849446,0.22512894740271,3.16083876400197,0.00157315553666161,0.0152435326636371
"ENSG00000156928",277.342173950766,-0.356782571699255,0.125807608381771,-2.83593795548976,0.00456913214328445,0.0350463561217257
"ENSG00000156931",825.354048948826,0.489386925691669,0.0924254917292214,5.29493450925232,1.19059071728845e-07,4.25521701553958e-06
"ENSG00000157036",269.430892872022,-0.54453050883845,0.188718624763829,-2.88540947942949,0.00390904858092562,0.031100029056722
"ENSG00000157107",861.576936062332,-0.375606462804634,0.126099115801479,-2.97866055933302,0.00289511304198573,0.0247155148761162
"ENSG00000157110",2970.45509966733,-0.893717814623159,0.0977582578239662,-9.14212092683241,6.12393069507146e-20,1.76645667653008e-17
"ENSG00000157150",167.615505683076,-2.93264032244902,0.287276402637044,-10.2084274779583,1.81787030899656e-24,8.24027309578073e-22
"ENSG00000157152",49.948908756072,-3.55928572512124,0.43653621544946,-8.15347180635765,3.53622728382467e-16,6.08525778424829e-14
"ENSG00000157214",3009.26322295794,-1.98770269757036,0.220801851600915,-9.00220121868819,2.21236612599562e-19,5.7106700627262e-17
"ENSG00000157216",1528.67046965141,-0.768733786854488,0.176667084529711,-4.35131302982024,1.35324689914578e-05,0.000280380084956792
"ENSG00000157224",669.925981308525,-0.406506626626408,0.123970618414046,-3.27905621369677,0.0010415488631394,0.0109859169247705
"ENSG00000157368",52.0696653351768,2.14913409966042,0.375893034455844,5.71740868455192,1.08160764832071e-08,5.01288731771583e-07
"ENSG00000157445",110.078998580752,0.90946379510078,0.328470191151757,2.76878639097147,0.0056265511055109,0.0410237160831385
"ENSG00000157483",2235.28153913467,-0.913008283496218,0.228973223049336,-3.98740198236846,6.68007882062456e-05,0.00109866606089653
"ENSG00000157510",487.999313281654,-1.69725614157941,0.216697869647461,-7.8323619163429,4.7878891861256e-15,6.89790081582514e-13
"ENSG00000157514",2205.70579219808,-3.33850740796434,0.355372935802109,-9.39437720666329,5.75573166140183e-21,1.87667145486233e-18
"ENSG00000157538",1695.15818289221,-0.368530502275382,0.117025921626832,-3.1491356543257,0.00163754161722632,0.0157442891651067
"ENSG00000157578",18.2320009274695,1.15408685676063,0.375923065559484,3.07000810137311,0.00214052964598451,0.019532675621928
"ENSG00000157601",199.276331129231,0.96641927423214,0.265528206300935,3.63961059992569,0.000273050641459352,0.00364699712901924
"ENSG00000157613",2782.52862633184,0.979265818095395,0.107126978865199,9.14116899840549,6.17808361444473e-20,1.76645667653008e-17
"ENSG00000157617",961.832924240335,-1.13172496961747,0.281193865650616,-4.02471429097118,5.70445292882155e-05,0.000957698804716789
"ENSG00000157657",654.150513641363,0.648241433754046,0.188443776196182,3.43997263713918,0.000581773001623586,0.00682160961209737
"ENSG00000157796",1688.86981128955,-0.409279451620408,0.151921137257397,-2.69402572287867,0.00705947163124751,0.0489918895693559
"ENSG00000157827",1642.39439358243,-0.518525607619475,0.175635246784542,-2.95228672554301,0.00315429885011767,0.0263709600222388
"ENSG00000157916",2173.12066909927,-0.235934587229257,0.0706302680240637,-3.34041755510363,0.000836525137902246,0.00919386143578548
"ENSG00000157954",2041.37228442269,-0.333253170732891,0.11157859731144,-2.9867123154695,0.00281994950101001,0.0242858023523036
"ENSG00000158079",308.463633288015,-0.942145717591738,0.14717103840673,-6.40170598639098,1.53650335876761e-10,1.06551921353344e-08
"ENSG00000158122",850.339866230687,-0.852699293794063,0.191132139629128,-4.46130773949706,8.14610105135808e-06,0.000178532179291851
"ENSG00000158125",23.1712263439207,-1.35690654025511,0.449124960053721,-3.0212227351889,0.00251756091651778,0.0222486303535344
"ENSG00000158201",87.8623410479912,-0.789385097438743,0.223884317226911,-3.52586151283963,0.000422107634385116,0.00525443428335391
"ENSG00000158246",70.302802747663,-2.33452775077327,0.231127896677387,-10.100588394277,5.49117220477382e-24,2.37333570757492e-21
"ENSG00000158292",630.446544436685,0.897628017198721,0.160761188248201,5.58361148595682,2.35574645905463e-08,1.00416394361308e-06
"ENSG00000158301",321.213050328181,0.856866170738697,0.164451847587634,5.21043809059115,1.88395239854498e-07,6.34298103749246e-06
"ENSG00000158467",532.913378287366,0.720417247627797,0.190168773081883,3.7883046514561,0.000151678786974093,0.00221789949324431
"ENSG00000158552",348.892033528496,0.387807133699628,0.135714242721388,2.85752715354843,0.00426956102029088,0.0333122550638564
"ENSG00000158716",158.979497686278,-1.33925421717956,0.214505899914293,-6.24343767567541,4.28056919110681e-10,2.77192956155819e-08
"ENSG00000158747",1693.89189657515,-0.884007527449468,0.195245974823984,-4.52766070207803,5.96402420853849e-06,0.000134843540043416
"ENSG00000158806",34.163972181366,1.12944244383491,0.362794888711503,3.11317077218542,0.00185088886043779,0.0173555850006238
"ENSG00000158813",81.9426268270544,-1.53189857224217,0.351398903871278,-4.3594290003913,1.30402252622842e-05,0.000272612583239091
"ENSG00000158828",983.483129059827,-0.322358212336357,0.114477249244026,-2.81591507889224,0.00486385213592596,0.036775708684371
"ENSG00000158985",383.871173382222,-0.539404969742216,0.165712879215272,-3.25505761710587,0.00113369363600044,0.0117773595444763
"ENSG00000159023",342.105224836905,1.04060771645864,0.202136937127447,5.14803346309012,2.6323154051861e-07,8.53745378489842e-06
"ENSG00000159082",449.443281998106,0.395786208436376,0.145581118543515,2.71866442843736,0.00655460683946862,0.0463183909169294
"ENSG00000159167",924.324969178294,-2.27737498266017,0.695444926273194,-3.27470213186306,0.00105773437997211,0.011131366620488
"ENSG00000159200",2858.62273155883,-1.14896485899072,0.409644224632059,-2.80478715407917,0.00503498162505658,0.0377928649037466
"ENSG00000159212",757.351871507445,-1.05115128163185,0.226266402084826,-4.64563572826771,3.39030781237522e-06,8.30156399117172e-05
"ENSG00000159216",3466.90294090626,-0.486219609348013,0.116654980696062,-4.16801414261797,3.0726487462102e-05,0.000565305271789466
"ENSG00000159346",1625.40292179413,-0.355605435783906,0.126114400340979,-2.81970524240249,0.00480677804923777,0.0364926348223382
"ENSG00000159423",229.256523337071,-0.930529159167377,0.158274471492648,-5.87921191833264,4.1222434518287e-09,2.0818449606586e-07
"ENSG00000159593",717.215221833617,-0.328327456317936,0.097236272189195,-3.37659444285464,0.000733891721848706,0.00829141498514176
"ENSG00000159674",8662.33699142099,0.973491661239929,0.322312569792184,3.02033414913853,0.00252495950479227,0.0223034089337283
"ENSG00000159713",14.1186430680723,1.54438446503952,0.450735727288967,3.42636354639226,0.000611721033175665,0.00710108394851326
"ENSG00000159720",1483.60504797722,0.367142432409534,0.078555226780101,4.67368560257961,2.958421020848e-06,7.38016841241075e-05
"ENSG00000159792",955.234263057768,-0.308001735613183,0.0990906958272623,-3.10828108574493,0.00188178999332675,0.0175567605552096
"ENSG00000159840",8170.67661520611,-0.701174016986179,0.10726083425164,-6.53709270376535,6.27261720475217e-11,4.81721449381484e-09
"ENSG00000159842",4084.24849294604,0.452514187982272,0.116822162120628,3.87353032821815,0.000107270050456141,0.00164489594696979
"ENSG00000159884",70.4843889662942,-0.958558130454116,0.23686922582258,-4.04678204661376,5.1926548541825e-05,0.000882836378437137
"ENSG00000160097",14.651110138126,1.67791730492368,0.433649236256895,3.86929611454378,0.000109150012990224,0.00166480760942465
"ENSG00000160145",42.1562496986898,1.63456916665941,0.360646398687356,4.53233187024394,5.83361034497904e-06,0.000132378080905294
"ENSG00000160172",33.1101132123005,0.848335580835837,0.295282627935419,2.87296136168693,0.00406643846650334,0.0320775716892889
"ENSG00000160200",834.066631033772,-1.24724673864373,0.303400616864302,-4.11089058267001,3.94135953055685e-05,0.000700958534692815
"ENSG00000160218",933.482087873629,-0.303127671229594,0.0768195935867334,-3.94596817135393,7.94781718465872e-05,0.00127007895422943
"ENSG00000160219",62.5695361579043,-0.597185865910924,0.219918147489302,-2.71549152595501,0.00661774699933608,0.0466486522003531
"ENSG00000160223",16.5437901189003,1.58279220721637,0.549035051825518,2.88286185363512,0.00394080225693249,0.0313258382998676
"ENSG00000160256",151.938715520064,-1.00862781839222,0.302013062045947,-3.33968276590228,0.000838741406557122,0.0092029143370467
"ENSG00000160360",1913.89430495972,0.430514003249202,0.122639279995437,3.51040876353173,0.00044741831920005,0.00552384397361506
"ENSG00000160408",3008.13418062961,-0.401921511564732,0.0750693031650765,-5.3540061598935,8.60279293895694e-08,3.15350900928037e-06
"ENSG00000160446",280.438418331309,-0.880289627465371,0.157184721778647,-5.6003510869525,2.13918104183776e-08,9.26729129663283e-07
"ENSG00000160460",175.804473619016,1.08632618070608,0.220881360256071,4.91814329396868,8.73689487195431e-07,2.46770807287646e-05
"ENSG00000160613",2069.05978643917,-0.849865688453467,0.253262721176426,-3.35566831354324,0.000791734624902138,0.00879521100048191
"ENSG00000160712",737.935660522704,-0.650374750780604,0.117291873033459,-5.54492595232984,2.94078596177779e-08,1.2254373789157e-06
"ENSG00000160746",1356.93199909094,-0.412783899217786,0.120936197339644,-3.41323696542649,0.000641960958130976,0.00740976549637058
"ENSG00000160766",705.259831833915,0.311830030498212,0.089881222021355,3.46935681875936,0.000521706064107182,0.00623307848756487
"ENSG00000160867",309.642665467069,0.655600538261854,0.221392493614186,2.96125910846982,0.00306384062425081,0.0257887128630893
"ENSG00000160991",758.694539884588,0.534197853931741,0.171546757925896,3.11400728518869,0.00184564932600213,0.0173326896027031
"ENSG00000161010",628.294639870869,0.387556978751968,0.138145045069638,2.80543524783391,0.00502486763406644,0.0377321878703535
"ENSG00000161011",9044.0623775031,0.73203592001513,0.141075371524195,5.18897035043133,2.11460059142069e-07,7.01783071277741e-06
"ENSG00000161091",715.850353980232,-0.486543086804966,0.143648566940062,-3.38703752615909,0.000706517232097249,0.00803096193182102
"ENSG00000161267",64.1439788185784,-1.46735825801102,0.265755316723649,-5.52146341266573,3.36187823520578e-08,1.38231210179866e-06
"ENSG00000161326",703.206703642005,-0.493923530155421,0.142803551804759,-3.45876222203992,0.000542663747270827,0.00642791953029211
"ENSG00000161328",35.0020061884234,0.722383967920588,0.267685811841351,2.69862628486534,0.00696263155074633,0.0484283335967891
"ENSG00000161381",489.573707564817,1.23626017960852,0.282374867636981,4.37808148421286,1.19728589480394e-05,0.000252285242119402
"ENSG00000161513",595.683472875096,0.961566150168742,0.322230516194967,2.98409400054135,0.00284419379116959,0.0244492791900494
"ENSG00000161642",495.726441058005,0.809890922439407,0.253216860926762,3.19840835035726,0.00138188449886267,0.0137815767507907
"ENSG00000161647",166.341518087729,-1.56827913037893,0.165596165079921,-9.47050391910968,2.78496888888257e-21,9.58493459257086e-19
"ENSG00000161682",299.918537765301,0.933666804059436,0.224886307350808,4.15172811123167,3.29974141483003e-05,0.000601232296025649
"ENSG00000161813",1029.39905840616,-0.794639944384326,0.142210699197689,-5.58776483673487,2.30010823740926e-08,9.84965704890576e-07
"ENSG00000161921",164.252203355766,0.80577732439847,0.212109190608997,3.79887982262797,0.000145351546440589,0.00213523081825997
"ENSG00000162066",178.648994878702,0.696221673789764,0.217613512347487,3.1993494626291,0.00137738098341425,0.0137479192141535
"ENSG00000162298",1024.91754302669,-0.313254105742245,0.0904230465446878,-3.46431709295961,0.00053157950114912,0.0063167551335399
"ENSG00000162341",427.724764934464,-0.601004363586369,0.151781886858432,-3.9596580068011,7.50571710935636e-05,0.00120773811668734
"ENSG00000162368",2757.7326441834,-0.416538510968446,0.120160477279771,-3.46651844598298,0.000527245556322386,0.00627729574904007
"ENSG00000162407",25853.6620173955,1.01334110038861,0.20697522421013,4.89595363046849,9.78301344551161e-07,2.70964686862643e-05
"ENSG00000162426",168.597115791997,-1.29515722296987,0.156883371231149,-8.25554176204953,1.51214738576148e-16,2.75522148670364e-14
"ENSG00000162441",357.523354307222,0.418161139630972,0.13419277667697,3.11612256625088,0.001832460914904,0.0172613451274814
"ENSG00000162458",1727.16243829226,-0.475485526483029,0.13270709660182,-3.58296985359944,0.000339709825907448,0.00435714776707379
"ENSG00000162493",1099.62586594636,-1.88594320872521,0.624993880144893,-3.01753868099955,0.00254836515870498,0.0224461452485934
"ENSG00000162496",3691.99970068906,-1.12713326546894,0.360342584874978,-3.12794910393399,0.00176030660732737,0.0166405382996842
"ENSG00000162512",3141.08331015537,0.493532004900315,0.151365139343045,3.2605394283145,0.00111200505470273,0.0115909220087775
"ENSG00000162545",6269.07890379794,-0.810205987297308,0.260601611047975,-3.10898303367801,0.00187732498349735,0.0175415207734029
"ENSG00000162604",866.739608112116,-0.651600798744048,0.189772589937847,-3.43358753209542,0.000595649845710718,0.00694924819995838
"ENSG00000162614",5393.10168349223,-2.0299266957031,0.151717730552667,-13.3796273402497,7.95451886769446e-41,1.34395211960092e-37
"ENSG00000162616",1467.63582703992,-1.5209391659365,0.123387745632086,-12.3265009677022,6.52177025530609e-35,8.35336413289951e-32
"ENSG00000162630",42.6471259975764,-2.85365196565156,0.592654619270278,-4.81503370236985,1.4717504884586e-06,3.92995442931078e-05
"ENSG00000162643",89.0656758504806,1.584728931824,0.235420598830936,6.73147948689933,1.67946513653621e-11,1.49091183450926e-09
"ENSG00000162650",109.12075613085,-0.528112778165351,0.181201424269865,-2.91450677219197,0.00356251079320912,0.0290136998649393
"ENSG00000162664",910.822994725799,0.482436833651512,0.0858626601869464,5.61870355054358,1.92395639195506e-08,8.433190930303e-07
"ENSG00000162687",148.403402011988,-0.928993579046163,0.259520237938451,-3.57965754973794,0.000344044772956616,0.00440363092658313
"ENSG00000162692",508.170232439755,3.60936816352821,0.326546905770361,11.0531384611142,2.11682606548674e-28,1.6392171844613e-25
"ENSG00000162694",909.354289236068,0.410149211812242,0.0836991406014288,4.90027984594672,9.57002422133352e-07,2.66255838553119e-05
"ENSG00000162704",2581.28053913118,-0.887869734928225,0.106424073574308,-8.3427527730208,7.25808045407118e-17,1.37644311468278e-14
"ENSG00000162772",373.51179517354,-1.97578072223675,0.334012876687826,-5.91528309276337,3.31305253319309e-09,1.71991847288809e-07
"ENSG00000162869",571.809044045696,-0.495649587187684,0.155341109601462,-3.19071743763969,0.00141920004538977,0.0140671108499034
"ENSG00000162878",1588.4403411696,-1.53993673404868,0.307830791522126,-5.00254287894392,5.65789920637002e-07,1.69874081987701e-05
"ENSG00000162944",249.73529349619,0.83242870132465,0.194377676518371,4.28253241953933,1.84778199522098e-05,0.000366926542003152
"ENSG00000162961",390.028477059744,-0.430460486566075,0.143219165621318,-3.00560671959396,0.00265051567371792,0.0232029363146715
"ENSG00000162998",89.4043683130993,-1.77671876214837,0.436998398032191,-4.06573289547275,4.78817508209696e-05,0.000822649226905721
"ENSG00000163017",1159.27661998203,-1.92813508297064,0.670442604308307,-2.87591371816219,0.00402859816790982,0.031887349638247
"ENSG00000163041",2990.41963011646,0.1901106586484,0.0676551738113001,2.80999438680988,0.0049542364021807,0.0373073272019969
"ENSG00000163069",3074.3666682739,-0.510652247831022,0.11099313007616,-4.60075544748244,4.20961423533251e-06,9.95364892667364e-05
"ENSG00000163072",19.5394534551746,-1.02424566249951,0.37228443546152,-2.75124492172163,0.00593692364184243,0.0427997385118858
"ENSG00000163083",418.921476555884,-3.64389499092113,0.669907467738287,-5.43940046410214,5.34601665544711e-08,2.0916993587681e-06
"ENSG00000163110",1314.18432532042,-1.58697432701704,0.171107601867188,-9.27471549889895,1.78093688598222e-20,5.25376381364754e-18
"ENSG00000163131",77.4486840700511,0.98380766660861,0.338922984279954,2.902746972734,0.00369905366715484,0.0297808051464402
"ENSG00000163171",1357.57154103081,-1.51185056364175,0.285328576397666,-5.29863003113527,1.16674772690504e-07,4.18610164180121e-06
"ENSG00000163251",54.2582578688149,-2.47649624130951,0.397504742574293,-6.23010489201059,4.66122979424033e-10,2.99015072126462e-08
"ENSG00000163320",2196.67767703112,-0.314575721251648,0.109412005743658,-2.87514810749991,0.00403838016413571,0.0319104146898223
"ENSG00000163378",1805.28931002148,-1.26400288036862,0.176529532324653,-7.16029133325982,8.05057861078941e-13,9.41006311204535e-11
"ENSG00000163399",4601.71446230067,-0.406101904012367,0.0750798463129995,-5.40893360808669,6.3401125988051e-08,2.41952756979041e-06
"ENSG00000163430",70059.497157995,-0.917409203914774,0.213598247360322,-4.29502215140923,1.74675894440778e-05,0.000350577915570395
"ENSG00000163431",4934.73010201059,-1.1506917417206,0.256962184696414,-4.47805868042443,7.53248984967866e-06,0.00016665633792414
"ENSG00000163485",45.74943044923,1.65271003550213,0.47450230403295,3.48303901046467,0.00049575611830977,0.00598676248134313
"ENSG00000163491",160.225059048447,2.47261473182411,0.236713950470829,10.445580950789,1.53512572785408e-25,8.15151761490514e-23
"ENSG00000163513",13216.6476019075,-1.45496463510939,0.17356031450483,-8.38304908158545,5.15739573623876e-17,9.98439580812473e-15
"ENSG00000163527",3864.49597240467,-0.337933441886009,0.120643601565699,-2.80108880620561,0.00509305012649276,0.0381056105478534
"ENSG00000163565",5008.04142598663,0.469493481479708,0.152251142124696,3.08367789513976,0.00204458830297333,0.018857902536357
"ENSG00000163577",469.51404993469,-0.560596522706496,0.188694556349626,-2.97092048414893,0.00296908644404395,0.025162093735776
"ENSG00000163611",198.333641330939,0.499403770924929,0.15642489834611,3.19261048723801,0.00140992993816558,0.014005103100378
"ENSG00000163629",2391.36468477134,0.443453992017779,0.131401827631254,3.37479318219393,0.000738711836722571,0.0083306792994472
"ENSG00000163637",409.158666725298,-0.606159303650607,0.208781900110781,-2.90331347367264,0.00369236847305248,0.0297808051464402
"ENSG00000163659",394.423470753168,-0.589896022411764,0.127588846151902,-4.62341372465629,3.77475781847267e-06,9.13461901774929e-05
"ENSG00000163660",1731.87759273268,-0.506847210355268,0.13948696209674,-3.63365294316,0.000279436678718094,0.0037201509125901
"ENSG00000163661",8565.70116426611,-2.23852948795651,0.329171699984327,-6.80049192583411,1.04262514967388e-11,9.54541300822122e-10
"ENSG00000163697",2266.27450187641,-1.08061987938641,0.105631369851782,-10.2301038119897,1.45363471279008e-24,6.92712849671888e-22
"ENSG00000163719",604.274280260167,-0.518133012649654,0.117875204237183,-4.39560648910597,1.10463892928198e-05,0.000234625308579493
"ENSG00000163755",585.435260574809,0.323987607835066,0.100060110705786,3.23792973593355,0.00120400458605725,0.0123354053097431
"ENSG00000163788",349.510486819916,-0.413052940030377,0.115614552435672,-3.572672568708,0.000353356475094647,0.00451039154507831
"ENSG00000163803",102.824745390425,-1.48848805779702,0.334311683553819,-4.45239616508168,8.49173072326318e-06,0.00018566919469629
"ENSG00000163812",2007.60457193397,-0.496675768640564,0.122137587967386,-4.06652674992393,4.77190100455075e-05,0.000821164631199776
"ENSG00000163818",463.820146297929,0.475106281569237,0.129778731983539,3.66089477303182,0.000251335973988012,0.0033971484193216
"ENSG00000163823",10.4576827344036,1.82053790514786,0.601874464628852,3.02478010305771,0.00248813957431169,0.0220305259593058
"ENSG00000163870",655.434854368505,-0.362371259107756,0.110815756301028,-3.27003371364795,0.00107534667314209,0.0113039128508743
"ENSG00000163877",398.937314843696,-0.36615175961426,0.127236932635193,-2.87771602184149,0.00400565549364392,0.0317438014511697
"ENSG00000163879",312.290119681547,0.512887350349994,0.127463881091344,4.02378576549419,5.72700175597362e-05,0.000959750474614696
"ENSG00000163884",561.107166129071,-4.58215071629456,0.412489585014094,-11.1085246337504,1.1402788976186e-28,9.21394926619204e-26
"ENSG00000163947",541.769160797248,0.888107638262595,0.249364135768835,3.56148904702915,0.000368757494372388,0.00467486905382731
"ENSG00000164023",1603.42526562391,-0.56004176185992,0.161001628487723,-3.4784850757123,0.000504256516183259,0.00606576527719474
"ENSG00000164031",1131.16785751879,-0.329943012894448,0.0917554794529449,-3.59589437994985,0.000323278954766957,0.00418394106848461
"ENSG00000164039",645.75072992186,0.453987487828573,0.137634412809721,3.29850274041718,0.000972019312932905,0.0103821717993437
"ENSG00000164048",184.389234379615,0.592787084118449,0.131017794325764,4.52447766480131,6.05448460655028e-06,0.000136556549044584
"ENSG00000164050",3515.25488669802,-0.793900011035671,0.126364134361797,-6.28263719800929,3.32877275482684e-10,2.20161002307675e-08
"ENSG00000164070",591.684378009254,1.29369213370043,0.244271765035798,5.29611817195017,1.18290303090919e-07,4.23588686501875e-06
"ENSG00000164081",836.378533018029,-0.316722500450944,0.0926619538459957,-3.41804254394784,0.000630732469705836,0.00729443867422711
"ENSG00000164104",1065.1805670275,-1.23928060944076,0.198664772560436,-6.23804911896878,4.43061550235413e-10,2.8591315663629e-08
"ENSG00000164105",538.510216021084,-1.23155416123171,0.16599667622311,-7.41914952306889,1.17874780246948e-13,1.50048136362296e-11
"ENSG00000164106",26.283321597219,-1.51940945653502,0.5117810723011,-2.96886606162155,0.0029890084923869,0.0252733042907237
"ENSG00000164122",19.1561075761712,-1.93628770322263,0.697850066200285,-2.77464715847273,0.00552616265976713,0.0405622958261343
"ENSG00000164125",5596.34966690866,-1.12453046077183,0.0980510761201498,-11.4688232426317,1.89214777521002e-30,1.75827832011391e-27
"ENSG00000164142",6.90577867506404,-2.2023126676822,0.738935693774491,-2.98038474286276,0.00287886551177413,0.0246299114078994
"ENSG00000164164",1521.9582906061,-0.390902008027463,0.136889485476864,-2.85560287311863,0.00429552045947354,0.0334586117935103
"ENSG00000164171",845.19034204392,1.03090303452493,0.231670726607657,4.44986317270375,8.5925014527944e-06,0.000187651750293988
"ENSG00000164172",955.228205952563,0.447430805693783,0.133648549089332,3.34781640910082,0.000814509498528438,0.00899444980995307
"ENSG00000164237",585.044969444529,0.878330457316609,0.212011891512017,4.14283581478648,3.43037534420171e-05,0.00061776672259679
"ENSG00000164291",492.450487086891,-0.852411597485802,0.119352231555499,-7.14198290535882,9.19940418529749e-13,1.04890139131137e-10
"ENSG00000164292",14399.5505965512,-1.05151613057096,0.235255482657231,-4.46967747018683,7.83376362575841e-06,0.000172500588844455
"ENSG00000164294",3549.42280984046,0.542138783576957,0.079708016395687,6.8015590914428,1.03492931675493e-11,9.52186205539127e-10
"ENSG00000164305",517.601334286328,-0.72952626368561,0.138204723341522,-5.27859139721914,1.30180729680663e-07,4.5909086548674e-06
"ENSG00000164330",884.926283376325,-1.121773072566,0.213495288370698,-5.25432238400612,1.48570443709252e-07,5.16108728287188e-06
"ENSG00000164402",1981.76404549314,0.354614853633198,0.0824352457259926,4.30173829786237,1.69463391599966e-05,0.000340852503559023
"ENSG00000164442",7510.52587168029,-1.61622524048318,0.266232069724969,-6.07073836804417,1.2732347493144e-09,7.44121629434219e-08
"ENSG00000164465",652.770436831628,0.538546720849837,0.187333511158592,2.87480183080494,0.00404281152309106,0.0319318538702284
"ENSG00000164483",12.5585063071606,1.38275782935961,0.47075352925256,2.93732865169399,0.00331053060238764,0.0274303215538895
"ENSG00000164484",816.794097566618,1.21368633901953,0.125514806128481,9.66966668280683,4.05697242169131e-22,1.50797664914266e-19
"ENSG00000164506",1193.68271954468,-0.38080572654492,0.125188748548562,-3.04185265017808,0.00235126963281107,0.0210695979391483
"ENSG00000164535",336.80728097104,-0.419687711987387,0.126420274834863,-3.31978167691541,0.000900878709321052,0.00973521766299407
"ENSG00000164574",3126.63953683577,-0.455611789239608,0.134906486251214,-3.37724153893682,0.000732167258227542,0.00827696380423289
"ENSG00000164619",553.269926556431,1.46741259444066,0.348143310050316,4.21496708992792,2.49814615263008e-05,0.000475210299351382
"ENSG00000164647",1920.71012986285,-1.55673265947592,0.141015935151303,-11.0394095376925,2.46648620797215e-28,1.8335858470065e-25
"ENSG00000164692",204537.087252012,0.433296458600164,0.118658288076616,3.65163247863806,0.000260578618793514,0.00350931422483873
"ENSG00000164754",2630.29219173301,-0.52632279794527,0.145966571351825,-3.60577626144734,0.000311221199562811,0.00405329081560956
"ENSG00000164761",7614.37672660506,1.53519199185713,0.343844244361476,4.4647889764972,8.0147706722814e-06,0.000175861290371133
"ENSG00000164808",1156.15194504838,-0.298058982929374,0.095687832252713,-3.11490997248423,0.0018400105959859,0.0173059701044524
"ENSG00000164850",97.4952646565784,0.725093674078378,0.202719589151084,3.57683081893964,0.000347785099743591,0.00444232720187948
"ENSG00000164920",4600.59859369414,0.733045892352467,0.208439728107341,3.51682425902497,0.000436742843461509,0.00541124383048809
"ENSG00000164930",1380.01045695598,-0.975459753353113,0.281652662657001,-3.46334291375416,0.000533508006381926,0.00633562063808824
"ENSG00000164933",462.654894171383,-0.853572259461099,0.124829914885823,-6.83788225155667,8.03724129328891e-12,7.5061371575766e-10
"ENSG00000164985",1522.5737315573,0.464858337550719,0.122719478426569,3.787975173223,0.00015188002175294,0.0022190960725459
"ENSG00000165030",1429.9484414282,-1.15169052197365,0.201115722754273,-5.72650664105862,1.0251975077674e-08,4.76332392046427e-07
"ENSG00000165072",641.082658067824,-2.30207220001594,0.760140039336704,-3.02848433299833,0.00245783821133841,0.0218350493105757
"ENSG00000165105",33.6345237695309,1.81618499740212,0.614216497435391,2.95691340917323,0.00310735367779401,0.026072310655441
"ENSG00000165125",29.8610728848353,-1.74006792867964,0.527331267623744,-3.29976247477363,0.000967666912706228,0.0103535345841366
"ENSG00000165195",151.547306818313,-0.890951628932148,0.215208200635788,-4.13995203853765,3.47378441890054e-05,0.00062437411436428
"ENSG00000165240",606.683480292542,0.376769064674314,0.121338730175494,3.10510143075823,0.00190213783772642,0.0176963993895878
"ENSG00000165244",42.8256810846833,-1.22228297344785,0.374158611869602,-3.26675087696186,0.00108789367910075,0.0114035555702693
"ENSG00000165272",138.573185853026,2.98050131340996,0.455904539150392,6.53755568866308,6.25323645338161e-11,4.81721449381484e-09
"ENSG00000165388",13.1883989199954,2.85008209362775,0.876373366809771,3.25213225500314,0.00114542710796778,0.0118651070635796
"ENSG00000165495",15.3548395166662,2.24381989567721,0.527626920201736,4.25266378527331,2.1124261078564e-05,0.000411956340131283
"ENSG00000165507",18353.5745925703,-1.61592054104264,0.270290406338878,-5.97846058589541,2.25256096929263e-09,1.2276787570177e-07
"ENSG00000165533",713.107705671864,0.568157764143161,0.118716288626927,4.78584506569802,1.70269372141531e-06,4.48223269298917e-05
"ENSG00000165633",2172.99203680002,-0.620837863389448,0.124963684322555,-4.96814627989798,6.75959650641322e-07,1.96501140440421e-05
"ENSG00000165637",2144.74019185229,-0.528661762972586,0.121563516946356,-4.34885215772325,1.36851926659784e-05,0.000283228625498004
"ENSG00000165644",74.7389426061835,-1.02557702177495,0.243543844989536,-4.21105703500336,2.5417855732244e-05,0.000481540110890677
"ENSG00000165675",349.881211160457,-0.537157284319181,0.147485165220589,-3.64211060492606,0.000270411834549688,0.00362075212183426
"ENSG00000165732",1271.69402691527,-0.511702715796326,0.167219253245567,-3.06007057120914,0.00221284843101718,0.0200907611580138
"ENSG00000165801",2021.91239455898,0.893053388075408,0.205790924179464,4.33961503227715,1.42732536860903e-05,0.000293763477027672
"ENSG00000165802",1601.7603826837,-0.958581674197896,0.14045904288663,-6.8246348152294,8.81492596438644e-12,8.1912699524061e-10
"ENSG00000165821",340.878392727316,0.80689778971341,0.143684910152402,5.6157448186978,1.95717324973766e-08,8.53851287473579e-07
"ENSG00000165874",94.339652861889,-0.555087474777065,0.168257315735154,-3.29903916719319,0.000970163739213091,0.0103683111519697
"ENSG00000165891",39.9869785676959,1.49611606400891,0.365476654049302,4.09360227919534,4.24722596099759e-05,0.000745370108452693
"ENSG00000165895",108.535996213671,1.32410954046946,0.305715620194034,4.33118052531653,1.48312019644996e-05,0.00030390064885361
"ENSG00000165899",27.8518759393407,-1.88974348848809,0.520917485722892,-3.62772135756901,0.000285933602202424,0.00379576856923717
"ENSG00000165915",3033.68321241844,-0.620554089660223,0.119226405589705,-5.2048376917085,1.9416623746078e-07,6.50194508686233e-06
"ENSG00000165943",340.166539408486,-0.377611486689874,0.135214555029169,-2.79268372113056,0.00522727741039716,0.0388440426518318
"ENSG00000165995",495.092906698546,-3.30048818116588,0.308522581730267,-10.6977199615534,1.04313361026035e-26,6.25375424086727e-24
"ENSG00000165996",275.871182977656,-0.923430126503284,0.156980656474553,-5.8824453104066,4.04248934136638e-09,2.04712982041674e-07
"ENSG00000166037",821.8961436471,0.295127890350842,0.0983928099119091,2.99948635083264,0.00270435240319197,0.0235521974757838
"ENSG00000166123",310.837903231996,0.556062483406961,0.164847109567643,3.37320129461407,0.000742996135143729,0.00836883828584618
"ENSG00000166165",467.135427749365,-0.797271348560428,0.248528505750141,-3.20796741667118,0.00133676642436495,0.0134145809918048
"ENSG00000166166",349.492854820355,-0.338166034322064,0.124876673363473,-2.70800002285278,0.00676900177481063,0.0474206457647586
"ENSG00000166170",679.057532146544,-0.242205998563061,0.0902175863825878,-2.6846871909866,0.00725977169323873,0.049984772856958
"ENSG00000166171",215.834136843748,0.473548755525089,0.157946648285937,2.99815640701539,0.00271618237603896,0.0236037741365968
"ENSG00000166173",1123.46319368549,0.396752533568941,0.129091228907182,3.07342750493305,0.00211615096444501,0.0194099337099571
"ENSG00000166189",379.452713380508,-0.506486315137752,0.144905707658517,-3.49528202388916,0.000473561083702287,0.0057826102106485
"ENSG00000166260",774.219126828685,-1.05608569342208,0.215764823869911,-4.89461476843333,9.849848141214e-07,2.72005093171563e-05
"ENSG00000166263",383.262235503365,-0.839125632728758,0.24397064188206,-3.43945331395409,0.000582890309923021,0.0068217987468006
"ENSG00000166272",2551.95948459527,-0.696201895425636,0.141973552179563,-4.90374358278438,9.40272157864245e-07,2.62386757566171e-05
"ENSG00000166292",38.5172432758096,-1.37590695164502,0.440841445967496,-3.12109254751531,0.00180181398686564,0.0169912977074875
"ENSG00000166340",5574.65097694643,0.284786402615648,0.0954887630036384,2.98240749652184,0.0028599105896478,0.0245163460833046
"ENSG00000166341",1747.72501856289,0.691190583740995,0.132694365299709,5.20889174291494,1.8997190720858e-07,6.38449890682001e-06
"ENSG00000166347",964.502945647218,-0.594942255852038,0.139448176843014,-4.26640397401398,1.98648938858254e-05,0.000390676246421234
"ENSG00000166394",219.68732725002,-0.43322532621394,0.151002346956803,-2.86899730331921,0.00411775309386439,0.0323450723793194
"ENSG00000166398",845.895333361786,-0.528512184722467,0.151428717371143,-3.49017144104256,0.000482710769664725,0.00586351611386857
"ENSG00000166401",340.575022127452,-0.648217073877618,0.140588640128106,-4.61073578410712,4.01246251743158e-06,9.57443486531293e-05
"ENSG00000166473",146.322221914289,1.3722967679482,0.416908870866,3.29159886931087,0.0009961959288977,0.0106099148071999
"ENSG00000166482",26348.2769204739,0.963940746154565,0.0958950199010583,10.0520417759872,8.99834014114283e-24,3.71631447829199e-21
"ENSG00000166484",1000.84163510886,-0.83199255512997,0.163532856361783,-5.08761709200112,3.62590519064099e-07,1.12688040080373e-05
"ENSG00000166526",410.530143968617,0.577289422881359,0.100458782816195,5.74653013602203,9.10934018693769e-09,4.29688039020906e-07
"ENSG00000166579",1389.52170633514,-0.354522115123233,0.100827516022289,-3.51612465633749,0.000437895333852105,0.0054219085807071
"ENSG00000166592",105.622482706562,1.50985177098251,0.307138219203418,4.91587069462865,8.83887262223706e-07,2.48894617703448e-05
"ENSG00000166670",7.56985625586309,2.84121828812778,0.906935173267939,3.13276888125321,0.0017316573803944,0.0164534010299744
"ENSG00000166681",2947.6931025866,-0.387610638771972,0.120638868677253,-3.21298303790424,0.00131364047402945,0.0132181961071128
"ENSG00000166741",7432.9363516342,-2.16219129513813,0.177550924495974,-12.1778655970172,4.07815036747729e-34,4.73702653622284e-31
"ENSG00000166762",15.0254644735448,1.75728454477741,0.578696037311049,3.03662792118424,0.00239240570754857,0.0213969490254043
"ENSG00000166780",1193.86656314979,-0.535363401312316,0.170908471532379,-3.13245678527346,0.00173349944658165,0.0164624870795707
"ENSG00000166793",139.259013593708,1.2490229942114,0.255060329634485,4.89697083039654,9.73252786376027e-07,2.69968702011917e-05
"ENSG00000166825",4198.98449033367,-1.08549410580177,0.18720339294448,-5.79847452937836,6.69208646023278e-09,3.23886528290173e-07
"ENSG00000166912",529.556758437037,-0.729102914464754,0.199677084990631,-3.65141004787287,0.000260804447340399,0.00350981220407046
"ENSG00000166946",983.278568167927,-0.421857721170279,0.150158558595781,-2.80941509505228,0.00496316085152772,0.0373593942590696
"ENSG00000166949",4832.19272802743,0.385675182044049,0.134026380554523,2.87760648648683,0.00400704644629778,0.0317438014511697
"ENSG00000166963",7035.89437236186,0.754245893418003,0.167614488317382,4.49988483089733,6.79902886989001e-06,0.000151692618903849
"ENSG00000166974",697.011397513446,0.855035428716058,0.185916622180482,4.59902626611846,4.24470268005612e-06,9.99845365131089e-05
"ENSG00000166979",130.591210103052,-1.3601785765291,0.256494811633751,-5.30294771993788,1.13947562543371e-07,4.09616141173799e-06
"ENSG00000166986",1653.40423084415,0.356979068208034,0.123836685846012,2.88266005965251,0.00394332740722337,0.0313325095610288
"ENSG00000166997",418.655256420414,0.478910606275837,0.145787176481513,3.28499815850791,0.00101983038195733,0.010812063690061
"ENSG00000167106",923.990438688171,0.915201641061487,0.242117979879632,3.77998214554935,0.000156839605194244,0.00227345849167789
"ENSG00000167114",397.841094570819,-0.448954206195342,0.141529855544052,-3.17215194256736,0.00151313817129512,0.0147930946415148
"ENSG00000167191",2745.74723692657,-1.89066093761946,0.341971854192687,-5.52870335508417,3.2260631991643e-08,1.33533150459841e-06
"ENSG00000167193",2300.46441422811,-0.266499122622658,0.0923576389040088,-2.88551251185234,0.00390776928509327,0.031100029056722
"ENSG00000167291",2728.50105831054,-0.554592018976153,0.161231216062848,-3.4397310429016,0.000582292536127946,0.0068217987468006
"ENSG00000167380",321.240257821071,0.494557516537532,0.140021880779479,3.53200166848503,0.000412426753247697,0.00514771740034147
"ENSG00000167460",50201.6393879104,-0.739756821115694,0.118818270631785,-6.22595175962614,4.78641335704076e-10,3.03602362595913e-08
"ENSG00000167468",5845.4356090359,0.36440514259414,0.12306340376395,2.96111704575563,0.00306525425281593,0.0257889317739177
"ENSG00000167543",518.263756729896,-0.50266996515513,0.175835860874832,-2.85874543824114,0.00425319942715207,0.0332124837620257
"ENSG00000167549",1996.3871741822,-2.36461417845396,0.285870929786455,-8.27161467666657,1.32156828372762e-16,2.45613465530778e-14
"ENSG00000167552",9310.14519133022,1.19796184591575,0.231229659774072,5.18083124408109,2.20899274873784e-07,7.26621774075977e-06
"ENSG00000167553",2790.5421707141,0.844115510891575,0.219282666381729,3.84944019889895,0.000118388081802864,0.00178157287474189
"ENSG00000167641",231.671616289766,-2.83364723062993,0.441951301570135,-6.41167300687368,1.4393129659677e-10,1.00562524332743e-08
"ENSG00000167642",61.5056227468489,-2.05838497444145,0.630041893080395,-3.26706048764093,0.00108670458952523,0.011397519636753
"ENSG00000167645",624.069072775243,-1.14335813136081,0.189432108082564,-6.03571455195165,1.58260797263937e-09,8.94005141990964e-08
"ENSG00000167657",1303.81751181627,-0.430358476736577,0.136694566283962,-3.14832175437444,0.00164210835956732,0.0157718779651466
"ENSG00000167702",240.305974094458,-0.682504249043387,0.226500981969277,-3.01325072902316,0.00258465278235215,0.0227549843486569
"ENSG00000167705",155.929280188744,-0.6374400045112,0.190504206333844,-3.34606787313732,0.000819663292945995,0.00904061857531235
"ENSG00000167771",45.6114982788615,1.42444874238737,0.259297655303252,5.49348871173347,3.9407030713838e-08,1.59559840047207e-06
"ENSG00000167797",311.640938593438,-0.840882657452094,0.179992637684352,-4.67176140241207,2.98627735387102e-06,7.42971413945018e-05
"ENSG00000167992",251.543797733559,1.50502150029371,0.287363586564285,5.23734241449213,1.62905289808823e-07,5.57895406699225e-06
"ENSG00000167995",317.412567712736,0.733267427908668,0.20746679312185,3.53438454836482,0.000408725950843333,0.00511844796839009
"ENSG00000168010",226.367436342226,0.496965340637986,0.179297833678841,2.77173087059241,0.00557591160070698,0.0407824939390552
"ENSG00000168077",2112.50799987108,0.61013052556121,0.117688437351424,5.18428606320372,2.16843892135711e-07,7.14546761585496e-06
"ENSG00000168092",1601.05363332865,-0.484444326496392,0.107852570400002,-4.4917272226308,7.0647872583972e-06,0.000157132655767505
"ENSG00000168172",1358.42917185094,-0.314181424031063,0.090224084639403,-3.4822345417717,0.000497247960224719,0.00600087879271195
"ENSG00000168175",1278.90356268024,-0.326183092510071,0.110884339428077,-2.94165158211221,0.00326467018806617,0.0271593086146866
"ENSG00000168214",5909.9647598032,0.661059203744113,0.159535699445612,4.14364437578109,3.41829697542911e-05,0.000616188644891852
"ENSG00000168234",591.642682736854,-0.771389691372542,0.111709564242317,-6.90531465774288,5.00922704646887e-12,4.89981498203284e-10
"ENSG00000168300",1434.83517405609,0.378278205715144,0.121856272289362,3.10429819169979,0.00190730994807776,0.0177148202823714
"ENSG00000168303",322.860899890699,-0.745296864161602,0.149438478664566,-4.98731565539098,6.12239909600828e-07,1.80610773332244e-05
"ENSG00000168306",442.227038358612,0.367703378927164,0.120425136966165,3.05337729472937,0.00226281241431148,0.0204345814965883
"ENSG00000168309",159.526919764023,-4.71716451031422,1.07576239370171,-4.38495018782204,1.16012322492661e-05,0.000245288852505814
"ENSG00000168310",680.630298154077,-0.338328449111432,0.119501145060245,-2.83117328240553,0.00463775878204203,0.0355287497791637
"ENSG00000168386",2124.78279966108,0.629713481929541,0.226697970598968,2.7777640896641,0.00547343412671418,0.0402453865076002
"ENSG00000168398",5604.07659360667,1.99195987336281,0.326060692288405,6.10916899974224,1.00151233874818e-09,5.98492180567037e-08
"ENSG00000168461",3768.71677781383,-0.968133686532811,0.193796190910016,-4.99562804607619,5.86445966739107e-07,1.74665036728306e-05
"ENSG00000168481",21.0039706625221,-4.88076187840803,0.869998803560097,-5.61007883968989,2.02234462159687e-08,8.78160625990136e-07
"ENSG00000168502",2114.29668918583,0.36303842220141,0.09732025928476,3.7303478727811,0.000191215571688976,0.00268612350705943
"ENSG00000168538",1246.99530281774,-0.410573583912289,0.116558351549582,-3.52247246511235,0.000427541451658471,0.00530431100071608
"ENSG00000168542",82662.1689907717,0.842449729996777,0.145523088751935,5.7891138596766,7.07587228054026e-09,3.40686752160209e-07
"ENSG00000168556",382.018082336941,-1.29687738134074,0.233057944233262,-5.5646134938989,2.62734087283545e-08,1.10473145071599e-06
"ENSG00000168610",7845.9043879562,-0.622133000128503,0.094618582311281,-6.57516721273395,4.85985218487805e-11,3.87640999381796e-09
"ENSG00000168621",218.348514748931,-1.81235096216216,0.307558084247702,-5.89271118200398,3.79910095734446e-09,1.93973327725953e-07
"ENSG00000168646",316.537934590666,-1.1740200446947,0.234977567416047,-4.99630691391064,5.84386297683828e-07,1.74330968578715e-05
"ENSG00000168661",47.0742049289176,0.822802590558215,0.2798803074751,2.93983738256189,0.00328384543588631,0.0272736543218965
"ENSG00000168679",328.012756214359,0.941804595430184,0.336678577351711,2.79734042729522,0.00515252120677665,0.0383990278763618
"ENSG00000168724",1418.03484355359,-0.489124227989007,0.13593314420774,-3.59827053835748,0.000320340303582655,0.0041487975903022
"ENSG00000168769",345.183561345122,0.471578203572336,0.149624512735411,3.15174428942839,0.00162298337099742,0.0156285730310814
"ENSG00000168781",316.736604448533,0.842547336386388,0.207817739965769,4.05426089478776,5.02930622951338e-05,0.000858432955579476
"ENSG00000168792",344.126432281658,-0.661857097859443,0.1648256133872,-4.01549907358538,5.93201318600671e-05,0.000991425045520996
"ENSG00000168811",36.0800634171715,1.97695942208279,0.492022072550868,4.01802994697641,5.86867400930138e-05,0.000981721930358831
"ENSG00000168883",961.232925085746,-0.295520460552284,0.109471629461177,-2.69951641358448,0.00694403303346932,0.0483713845303701
"ENSG00000168884",652.160766193855,-0.506577711542172,0.1273491256708,-3.9778656419808,6.95366432096486e-05,0.00113862424145491
"ENSG00000168890",500.390840320155,-0.934641887379641,0.145378226784757,-6.42903623225125,1.28415518691207e-10,9.25039695688401e-09
"ENSG00000168917",238.122481374079,-0.807393013558789,0.121596902805982,-6.63991429820421,3.138655919001e-11,2.62756397543394e-09
"ENSG00000168918",16.150022148433,2.09818702232795,0.518491793301226,4.04671211663513,5.19420568733036e-05,0.000882836378437137
"ENSG00000168924",647.51749319487,-0.352314246308369,0.105016930982163,-3.35483281613142,0.000794129624396041,0.00881654663643992
"ENSG00000168994",1328.0072660922,-1.38654508902458,0.213292570295039,-6.50067223207364,7.99618823827113e-11,6.01656511774368e-09
"ENSG00000169031",44.8713077081006,-2.07798469883906,0.446785480068874,-4.65096739159636,3.30381570416046e-06,8.13263773004268e-05
"ENSG00000169032",1071.38097022052,-0.464359426228323,0.120638730397463,-3.84917368326422,0.000118516953190594,0.00178206923547508
"ENSG00000169047",3604.4463062801,-0.731015333736088,0.208246195309338,-3.51034184634301,0.000447530942925981,0.00552384397361506
"ENSG00000169057",1742.79812656193,-0.305348355328143,0.10728998902459,-2.84600975453692,0.00442708387233113,0.0342745775080629
"ENSG00000169093",606.078220483425,-0.49270287571974,0.106960929520947,-4.60638176880511,4.09735849137377e-06,9.75024424611799e-05
"ENSG00000169129",10.2481193205968,2.00490573747183,0.697299675315817,2.87524260865858,0.00403717158358555,0.0319104146898223
"ENSG00000169218",643.194333449779,-1.34818252655487,0.255634621350805,-5.27386517299929,1.33580059660741e-07,4.69185702088473e-06
"ENSG00000169271",82.8296695254718,-2.38561168013791,0.465928298627861,-5.12012618070944,3.05331290839523e-07,9.71675006892557e-06
"ENSG00000169297",9.59291057680542,3.18146257106612,1.09404562377127,2.9079797971307,0.00363771837615955,0.0294625209080346
"ENSG00000169359",842.101850862233,-0.356358225710191,0.0993088510829562,-3.58838332962399,0.000332734831682582,0.00427949954797286
"ENSG00000169410",1054.05970209714,-0.391607600735823,0.0949098312796361,-4.12610153717391,3.68964416439363e-05,0.000659981104862903
"ENSG00000169446",743.352965814524,-0.450600711752191,0.152562308423584,-2.95355200382203,0.00314139674951497,0.0262867440746222
"ENSG00000169504",17322.7577960418,-0.777132594132656,0.156789181034856,-4.95654476286787,7.17578410491725e-07,2.06521715704877e-05
"ENSG00000169689",196.399851681468,-0.491802242559573,0.167258468485488,-2.94037274771677,0.00327817623093225,0.0272594654370809
"ENSG00000169692",596.265718614538,-0.634465838246959,0.122365501212134,-5.18500583875386,2.16008097967098e-07,7.13056927303465e-06
"ENSG00000169715",554.194641254197,-2.17590453661386,0.253192223684862,-8.5938837494556,8.40780886072436e-18,1.75572053569171e-15
"ENSG00000169738",627.449246972015,-2.14974352797986,0.237255914633155,-9.06086379892275,1.29421528330006e-19,3.53720456472523e-17
"ENSG00000169744",616.845546159048,1.31898037869424,0.179588847202353,7.34444482071915,2.06614908609148e-13,2.54300534867617e-11
"ENSG00000169750",73.6747392520561,-1.47868511664104,0.226163721440261,-6.53811808200028,6.22977319170017e-11,4.81721449381484e-09
"ENSG00000169764",3226.46866802453,-0.892738189846786,0.142229725135223,-6.27673426914117,3.45758264112957e-10,2.27869409168061e-08
"ENSG00000169855",1727.81330600394,1.13110117724001,0.205368293779371,5.50767188266733,3.63610323291091e-08,1.48520832051977e-06
"ENSG00000169857",277.294701019294,-0.635303689443126,0.201134462000965,-3.15860187818077,0.00158527889685319,0.0153450043218836
"ENSG00000169908",952.843889719512,-1.16875656224918,0.215562085853355,-5.42190226830645,5.89681210281084e-08,2.27369819358381e-06
"ENSG00000169926",2077.74116757638,-0.911826636428628,0.201279372799373,-4.53015440055796,5.89405960864723e-06,0.000133423992480766
"ENSG00000169946",474.404067656962,0.586132276807536,0.188565413094954,3.10837638349077,0.00188118324364171,0.0175567605552096
"ENSG00000170017",6132.90041429776,-0.857507944269146,0.29443734705184,-2.91236133206353,0.00358707428074469,0.0291498799771054
"ENSG00000170035",1489.16612012104,0.333790072372215,0.107165191430697,3.11472473399233,0.00184116641503725,0.0173069281486382
"ENSG00000170085",233.191641502528,-0.420295077391603,0.146493945430757,-2.86902694958314,0.00411736715277205,0.0323450723793194
"ENSG00000170113",344.070564288354,-0.341667611647337,0.105061975517917,-3.25205774937165,0.00114572740668096,0.0118651070635796
"ENSG00000170214",201.576412510075,-3.67998278394309,0.479693066728012,-7.67153632018129,1.69948339939112e-14,2.25606421269171e-12
"ENSG00000170242",2867.99071122953,-0.483885520262876,0.134299945616788,-3.60302096952145,0.000314540142796216,0.00407936395943313
"ENSG00000170315",2609.49787991284,0.391011832113875,0.0836025975093169,4.67702970676599,2.91060105842969e-06,7.28042000954452e-05
"ENSG00000170323",8.79476400480674,-3.55810001137568,1.02861497483504,-3.45911745252035,0.000541948521393971,0.00642354162634372
"ENSG00000170364",378.784420636263,-0.6046608065562,0.187566789603253,-3.22370931354744,0.00126541780940414,0.0128159687382099
"ENSG00000170365",317.078925219068,0.886112293695353,0.155796938624057,5.68761043394806,1.28829292253453e-08,5.83973755251323e-07
"ENSG00000170456",453.268003942092,0.480074074860725,0.142273068010595,3.37431448954889,0.000739997739063532,0.00834012006094345
"ENSG00000170485",287.525939286209,-1.17257243233425,0.245861406682598,-4.76924153390215,1.84920835671163e-06,4.8404982126036e-05
"ENSG00000170542",187.02434568698,-0.712711472759511,0.183905686087437,-3.87541836210902,0.00010644166250971,0.00163624342245075
"ENSG00000170584",455.709263476189,-0.607652473883172,0.119792478030548,-5.07254281632119,3.92534777208086e-07,1.20782431033316e-05
"ENSG00000170624",2121.08039267073,1.18324056666924,0.273861953695907,4.32057301388821,1.55624551179561e-05,0.000316442262983822
"ENSG00000170629",48.032423063704,0.788297348819329,0.284599005091863,2.76985279187776,0.00560816329298623,0.0409378298508048
"ENSG00000170631",136.501622665329,0.483485964562098,0.158749222175772,3.0455958015767,0.00232219784985254,0.0208593750795116
"ENSG00000170647",28.0488547427855,1.07513935799696,0.372205136754428,2.88856668495232,0.00387001961106023,0.0308555617638586
"ENSG00000170734",780.527745754593,0.417595790053887,0.112988118042502,3.69592659200502,0.000219086273942668,0.00302056261218433
"ENSG00000170745",81.2128485617309,-0.967403574366572,0.303113947652904,-3.19155084039335,0.0014151120391076,0.0140354893110826
"ENSG00000170759",4439.40097664095,-0.574811786155957,0.103134154582467,-5.57343770822623,2.49760984814477e-08,1.05844344841973e-06
"ENSG00000170775",213.791994001087,-1.49295784448821,0.529782153711236,-2.81805990260285,0.00483147950449216,0.0366352699269632
"ENSG00000170776",2426.69198780491,-0.564815340572957,0.143355577547566,-3.93996069239474,8.14949610262402e-05,0.00129784391660041
"ENSG00000170791",389.21788770998,-0.722054458529662,0.138154409072704,-5.22643079852545,1.72813455259528e-07,5.90393026837927e-06
"ENSG00000170802",290.266340653952,-0.912029214290057,0.196742388244252,-4.63565184111616,3.55814420193949e-06,8.66685583132967e-05
"ENSG00000170836",375.986034098382,0.626672552959944,0.153353261380269,4.08646381119986,4.37997767062141e-05,0.000765775023598296
"ENSG00000170854",360.388486102739,0.54472794014629,0.154520414864425,3.52528137220075,0.00042303320242245,0.00526243110242385
"ENSG00000170873",1487.27186314088,-1.95899448517279,0.58845347445669,-3.3290558560836,0.000871409263646777,0.00949861651898847
"ENSG00000170876",3319.6385315353,-0.352673267329333,0.120591575456484,-2.92452657654013,0.00344980620162312,0.0283422975336481
"ENSG00000170899",441.426183902766,0.744647478218188,0.177507171224788,4.19502757595746,2.72838392094077e-05,0.000511159427123833
"ENSG00000170921",2026.33715053959,-0.596776148159033,0.120125472449387,-4.96794007124906,6.76678664954907e-07,1.96501140440421e-05
"ENSG00000170989",241.928200229275,1.47812590759262,0.230418696193929,6.41495647709321,1.40863098719663e-10,9.91644200645807e-09
"ENSG00000171033",245.153955394251,1.33092989002549,0.343857572373238,3.87058479137067,0.000108574583561807,0.0016610017011349
"ENSG00000171097",68.0512212922915,0.757185528207625,0.236781464941432,3.19782432461475,0.00138468606833492,0.0137912060986091
"ENSG00000171132",401.594468468381,1.18397042564194,0.209880943584349,5.64115257641825,1.68915592439559e-08,7.49235390331551e-07
"ENSG00000171135",466.362198854334,-0.386713525216316,0.106699950796725,-3.62430837435949,0.000289735744493271,0.00383801768453845
"ENSG00000171150",1333.11243801381,0.464816320308323,0.159423673944138,2.91560411831429,0.00355000634013554,0.0289728916929317
"ENSG00000171155",543.017887424259,-0.521447487788924,0.13950399103286,-3.73786788412453,0.000185587419124106,0.00261695158150342
"ENSG00000171163",263.790767126459,0.468623650647106,0.157212108486433,2.9808368780166,0.00287461869604928,0.0246197181871317
"ENSG00000171227",14.6398550827017,2.1514510572898,0.743116369031917,2.89517382061247,0.00378948631093546,0.0303436463113898
"ENSG00000171385",119.49251514709,-1.49374638462723,0.485040573251792,-3.07963182257704,0.00207256629103688,0.0190654257557477
"ENSG00000171456",2103.7135981138,-0.307712494209361,0.0748713257618601,-4.10988440605537,3.95857226911379e-05,0.000703346707662331
"ENSG00000171469",603.303912731555,0.662315829120134,0.0957697847442172,6.91570760954567,4.65533710013628e-12,4.60209787266131e-10
"ENSG00000171492",457.486989412358,0.768085799557327,0.141195100554212,5.43988988670623,5.33135125632823e-08,2.09036209069325e-06
"ENSG00000171502",75.8200095395222,1.01218963492705,0.371389610499309,2.72541182174221,0.00642213281811861,0.0456504777424426
"ENSG00000171509",35.2187984451854,1.95604199581838,0.471655757654511,4.14718142219984,3.36593343628552e-05,0.000607338571974432
"ENSG00000171603",6718.47614147683,-0.322841099952444,0.0938602718051508,-3.43959263854089,0.0005825903613158,0.0068217987468006
"ENSG00000171604",672.315492682094,0.569976592027993,0.138342597964062,4.12003678126717,3.7881192208397e-05,0.000676293907005819
"ENSG00000171608",402.751442321563,-0.809799750255117,0.185676266353973,-4.36135304827444,1.29260598615549e-05,0.000270835200143177
"ENSG00000171617",710.671075886028,1.21924055980445,0.244802211300009,4.98051285292618,6.34159903445899e-07,1.85896873904448e-05
"ENSG00000171681",677.93815111623,0.45728463733661,0.153848244051122,2.97230975989989,0.00295568317134733,0.0251070415568121
"ENSG00000171792",330.416830205002,0.583489278265974,0.122039551139732,4.78114900306292,1.74296110469441e-06,4.56881976456216e-05
"ENSG00000171793",688.140315320246,-1.54207854542405,0.229341339382043,-6.72394497031874,1.76869253251053e-11,1.55052597720322e-09
"ENSG00000171817",33.1024748240159,1.18690628502981,0.337837980242178,3.5132411227979,0.000442675553122941,0.00547744684073892
"ENSG00000171819",254.884372679829,-5.79682248500607,1.39722521588718,-4.14881038439128,3.34207485352205e-05,0.000604206820551627
"ENSG00000171824",1107.99272217086,-0.677349490590057,0.180605766692464,-3.75043113514447,0.000176530783271232,0.00250444626495866
"ENSG00000171862",2175.01178960977,0.398390051357945,0.0805716380070001,4.94454452227138,7.63220980031073e-07,2.18222490982731e-05
"ENSG00000171877",91.1577914225399,1.29752807381491,0.249005999530345,5.21083056738472,1.87997084714331e-07,6.34106319313221e-06
"ENSG00000172081",928.131720819608,-0.402173540686546,0.110031813508165,-3.65506600194954,0.000257115821966689,0.00346770504444914
"ENSG00000172123",407.910445906127,-0.642662081612616,0.202959451292981,-3.16645555315828,0.00154308925682902,0.0150305628082638
"ENSG00000172260",1335.02598862169,-1.46775657635912,0.353772742334434,-4.14886847040237,3.34122707054544e-05,0.000604206820551627
"ENSG00000172292",367.245863871797,-0.564448011251437,0.19872257319531,-2.84038195649108,0.00450595460310535,0.0347193890127334
"ENSG00000172296",157.307509380912,0.825328257957042,0.191567459802229,4.30829045188101,1.64521244603356e-05,0.000331989938214264
"ENSG00000172301",789.323198847158,0.533140974182853,0.147239855887869,3.62090122248468,0.00029357859243224,0.00387364140786437
"ENSG00000172345",427.702763540175,0.509081306352647,0.173514211812173,2.93394587703121,0.00334682563043483,0.0276693747071313
"ENSG00000172349",674.055482650904,-0.993528993097515,0.156818852951563,-6.33552008829186,2.36541991943646e-10,1.59859378919006e-08
"ENSG00000172354",2577.61981861789,-0.351858553289839,0.102564020217166,-3.43062364896407,0.000602195450218461,0.00701240754530707
"ENSG00000172379",1478.19708473219,-0.553406618976713,0.204035005294602,-2.71231212593967,0.00668156450597619,0.0470010886993064
"ENSG00000172399",18.9301365307322,-2.18073418299866,0.793860717561497,-2.74699847814265,0.00601434135608219,0.0432729079615799
"ENSG00000172403",8014.7816508389,-1.7229851017307,0.255601534179026,-6.7409028168192,1.5740546885292e-11,1.41322736165774e-09
"ENSG00000172465",395.279411343532,-1.0388521451841,0.153227902805474,-6.77978440064499,1.2035535345187e-11,1.09622095333031e-09
"ENSG00000172497",22.9678813160297,1.69667654874415,0.461878463115604,3.6734264189311,0.000239319613732153,0.00326320984681736
"ENSG00000172531",1046.19131798663,-0.36456728605369,0.127962959559759,-2.84900636330967,0.004385600331035,0.0339893169942809
"ENSG00000172602",5.81970682151,-2.02196709039855,0.751086628869184,-2.69205576651361,0.00710130699914977,0.0492087213196117
"ENSG00000172667",4210.53754290682,0.470382493308807,0.0870379206202682,5.4043397401577,6.50475510728e-08,2.47220600549691e-06
"ENSG00000172725",1975.02453718548,-0.350699639843478,0.117726268148993,-2.97894127927029,0.00289246203722637,0.024704231140557
"ENSG00000172732",428.08958255331,-0.314145243911295,0.10300305648489,-3.04986332087513,0.00228945530904259,0.0206350761001729
"ENSG00000172738",50.8394476068506,1.76485497332678,0.44526661335656,3.96359152109506,7.38305402454297e-05,0.00119109426255322
"ENSG00000172757",7039.16148301128,-0.399741283073266,0.14412131216153,-2.77364448795219,0.00554322184263949,0.0406393601362742
"ENSG00000172828",6.88456248893204,1.87179035083722,0.67020482242345,2.79286314901295,0.00522437891931686,0.0388380328862015
"ENSG00000172831",1197.94958745569,0.540905342748857,0.0786952630629371,6.87341679404851,6.26820770931264e-12,5.9134335166282e-10
"ENSG00000172840",223.735071277822,-0.594805656879315,0.187083288575623,-3.17936284639812,0.00147599201143542,0.0144909199854872
"ENSG00000172935",2088.47664592074,-0.557716618024315,0.155527264212615,-3.5859733073031,0.000335823310456369,0.00431027363593344
"ENSG00000172939",1229.24445816727,-0.464564432499066,0.0750860353008011,-6.18709498561191,6.12830420229712e-10,3.80918172574221e-08
"ENSG00000172954",825.303334223327,-0.932662841379746,0.285619613426543,-3.26540194558317,0.00109308843587782,0.0114386534801742
"ENSG00000172955",31.8202652411093,-1.00675018586095,0.314082820457113,-3.20536533770213,0.00134891148611517,0.0135000107536082
"ENSG00000172974",957.775190382887,-0.538779253966499,0.124446523433013,-4.32940382024021,1.49513550878817e-05,0.00030568859659877
"ENSG00000172985",799.899058341231,-0.888977969558843,0.192185788428574,-4.62561762150916,3.73483780391843e-06,9.04979929411003e-05
"ENSG00000172986",756.366829107728,1.56950169286955,0.159672155478462,9.82952655813093,8.40127954779996e-23,3.18648531420127e-20
"ENSG00000173039",1390.7002312999,-0.233180553310587,0.0768933258861877,-3.03252006104827,0.0024252097675683,0.0216099090122468
"ENSG00000173040",462.831877185203,-0.314528390244555,0.115834212163812,-2.7153324080087,0.00662092776933904,0.0466486522003531
"ENSG00000173065",350.126884908907,-0.409023573137153,0.132299704049753,-3.09164390105767,0.00199051477192414,0.0184231658546864
"ENSG00000173068",2793.38464596547,0.87488560870191,0.107929483585874,8.10608537754938,5.22767176697854e-16,8.59790086630939e-14
"ENSG00000173083",49.7197290556525,-1.35327643127025,0.502583812244823,-2.69263831882239,0.00708891239264725,0.049141155097855
"ENSG00000173110",13.4570877569969,2.68630403404562,0.53856916372362,4.98785339931598,6.10538687328787e-07,1.803952544357e-05
"ENSG00000173114",60.5699589998721,1.08350979743901,0.310294963906919,3.49187039259857,0.000479650928278623,0.00583779469682921
"ENSG00000173221",1983.22155774674,-0.993815001639667,0.140289025101315,-7.08405380194174,1.39997514331336e-12,1.54872250229041e-10
"ENSG00000173320",81.5939720206617,1.10127553087184,0.405891117951341,2.71322894777869,0.00666310535853567,0.0469067473819642
"ENSG00000173418",648.899180101371,-0.475180050242447,0.120915439248583,-3.92985422866929,8.49973748526038e-05,0.00135015060823559
"ENSG00000173517",7990.51234665395,-0.996731947141387,0.141681489841957,-7.03501881758316,1.99234113112834e-12,2.14032716312255e-10
"ENSG00000173545",515.912545653404,-0.336549401017328,0.105432000491014,-3.19209916770964,0.00141242830879247,0.0140224252771944
"ENSG00000173548",2675.56428314045,-0.350806057068447,0.11440127911946,-3.06645222648367,0.00216615420745273,0.0197053235171361
"ENSG00000173598",3053.12457641966,-0.786006287245649,0.281527138311544,-2.79193789969845,0.00523934104084687,0.0389181267962186
"ENSG00000173611",556.661490029617,0.540627538738968,0.11416919163394,4.73531896829384,2.18710852447578e-06,5.6273118362097e-05
"ENSG00000173706",12116.8675258198,-0.714431369133034,0.196772507848951,-3.63074789737118,0.000282601122878861,0.00375689690179087
"ENSG00000173744",1773.30064317303,-0.445352578697326,0.145561168314868,-3.05955622542111,0.00221665175532402,0.0201056480589053
"ENSG00000173757",1590.83771794259,-0.511531719589331,0.08313532457161,-6.15300081193181,7.60304160268222e-10,4.66344977511053e-08
"ENSG00000173838",47.3524552949313,-3.88507412138024,0.43498174266844,-8.93157974297232,4.19968171756897e-19,1.02698795685552e-16
"ENSG00000173914",423.107173407163,0.433254400532878,0.105576298650502,4.10370893913526,4.06578922024485e-05,0.000718276546181089
"ENSG00000173915",602.711605038785,-0.374266985470356,0.113421974429825,-3.29977491003667,0.00096762403879783,0.0103535345841366
"ENSG00000173918",992.659399454996,-1.23651459444043,0.24297168024651,-5.08913052412489,3.59708971274093e-07,1.11979752615226e-05
"ENSG00000173947",78.0315852948686,1.22901483598441,0.268030850755386,4.58534841239617,4.53230006071397e-06,0.000106220424499835
"ENSG00000174099",3079.84819670029,-0.729081091561824,0.127726173323836,-5.70815732272288,1.14205834783949e-08,5.24077886286345e-07
"ENSG00000174132",155.348379284368,-0.486637566812496,0.172316780424532,-2.82408692649423,0.00474155232809695,0.0361302788100376
"ENSG00000174136",2831.70301250684,0.956877047617956,0.166935162619852,5.73202812757295,9.92368104441418e-09,4.65527446589197e-07
"ENSG00000174238",1620.70798479559,-0.381402805939882,0.100830286537825,-3.78262146261781,0.000155185324453099,0.00225674433095528
"ENSG00000174306",3234.85251306157,-1.14157390113973,0.127677407601148,-8.94107988710028,3.85385645309891e-19,9.5498562907791e-17
"ENSG00000174370",58.862342555873,0.728105104342847,0.252288434499483,2.88600270475077,0.00390168804147408,0.0310813854482622
"ENSG00000174437",10584.2542700622,-1.3842285375023,0.206121621017153,-6.71559116734825,1.87305274437496e-11,1.63430447202858e-09
"ENSG00000174456",101.656967122812,-0.508169675198525,0.180631133188065,-2.8133005990138,0.0049035787933001,0.0370380179632338
"ENSG00000174564",45.2645076776714,0.730968249919385,0.259562531823439,2.81615472304226,0.00486022538387119,0.0367632432882564
"ENSG00000174680",14.3888879438044,-3.09341489262377,0.615457089667174,-5.02620726052018,5.00275200758599e-07,1.51180725302416e-05
"ENSG00000174695",2171.4920032493,-0.358388245213105,0.0975741127786909,-3.67298492404405,0.000239733632172359,0.00326645861724581
"ENSG00000174697",115.965367677631,-3.19828694099253,0.597006442333354,-5.35720674720405,8.45183891826987e-08,3.10429696237244e-06
"ENSG00000174705",3894.3140427272,-0.651124226094791,0.233622821366346,-2.7870745772467,0.00531862373866742,0.0393796953133162
"ENSG00000174738",1115.77280092105,0.605144379246858,0.191738494573818,3.15609226301649,0.00159898272798292,0.0154454750517477
"ENSG00000174780",2123.61701679256,0.205692003861884,0.0734079523885431,2.80203979499619,0.00507806092688314,0.0380306566399175
"ENSG00000174791",200.172490836967,0.536239908345873,0.199265065895827,2.69108840496011,0.00712193193995135,0.0493148677734709
"ENSG00000174804",1299.72376645983,-0.811033606880866,0.258946286570657,-3.13205343711142,0.00173588277446399,0.0164683654237553
"ENSG00000174839",272.667495842149,-0.685396298342291,0.229381291936568,-2.98802178920427,0.00280789535259942,0.0242156543517681
"ENSG00000174899",286.843273578893,-0.796785929675333,0.274502544150137,-2.90265407973609,0.00370015093328295,0.0297808051464402
"ENSG00000174944",21.3631705024318,-1.59253290503727,0.384780521002502,-4.13880853658628,3.49114141832053e-05,0.000626282463894662
"ENSG00000175048",216.712338114449,0.543961541425832,0.194920648818508,2.7906819760913,0.00525971240164124,0.0390382408085074
"ENSG00000175073",702.584206445527,-0.261024975406509,0.0904502588147366,-2.88584000562287,0.00390370550345304,0.0310841331541023
"ENSG00000175130",620.191163568236,1.13451579354401,0.17572842591832,6.45607440922134,1.07453790655009e-10,7.95628963873844e-09
"ENSG00000175197",434.005232482326,1.03875636060851,0.171679714863896,6.05054803027847,1.44353915851918e-09,8.3322337047647e-08
"ENSG00000175324",205.935301146847,-0.544715817385743,0.152213457272575,-3.57863113515842,0.000345398550779361,0.00441487762464541
"ENSG00000175348",1273.99752401253,-0.369835416822308,0.123311122419628,-2.99920566422027,0.00270684520979535,0.0235628656787104
"ENSG00000175471",158.253841950318,-1.78716258141939,0.468944148351121,-3.81103504053377,0.000138386147365291,0.0020476962968025
"ENSG00000175482",132.523383746034,-0.700156660268224,0.161623400277943,-4.33202530737608,1.47743954382161e-05,0.000303128023363003
"ENSG00000175489",9.24973728350207,3.39959406089002,0.83813884525405,4.05612277743739,4.98940392488362e-05,0.000853849649576079
"ENSG00000175538",105.05642689408,1.18742487534356,0.25813682285224,4.59998252951015,4.22526375054993e-06,9.96529527969169e-05
"ENSG00000175741",220.060414027398,-1.1316562285498,0.185205712006482,-6.11026634270431,9.94650035987675e-10,5.9823854106249e-08
"ENSG00000175928",11.3934856864641,2.16980157456378,0.651920065237012,3.32832457576671,0.000873700098811549,0.00951800488652558
"ENSG00000175946",46.1875385823901,-1.01590116646538,0.255831658325375,-3.97097518389739,7.15790357922835e-05,0.00116284648618845
"ENSG00000176095",1396.94275274762,-0.246247123980502,0.0896650631069929,-2.74629956694133,0.00602717014848735,0.0432824409619928
"ENSG00000176148",485.726473791203,-0.345975530735681,0.100502003669739,-3.44247396173907,0.000576419353150933,0.00676737440196468
"ENSG00000176225",173.768563052937,0.681123418876044,0.145034459278995,4.69628681529954,2.64933466411993e-06,6.68992999085174e-05
"ENSG00000176293",145.132789273426,1.15110053660126,0.230731213187138,4.98892421489434,6.07164584427744e-07,1.79683977732319e-05
"ENSG00000176371",114.58695128596,0.710819628692958,0.178199432694047,3.98889950403699,6.63805343520134e-05,0.00109466036462482
"ENSG00000176390",220.852787863405,-0.746337178512938,0.153569217918719,-4.85993995820151,1.17421359135986e-06,3.20922935226809e-05
"ENSG00000176531",185.599758140747,0.827510983086146,0.178883463277353,4.62597809727731,3.7283470034884e-06,9.04586541251068e-05
"ENSG00000176771",107.652179101487,2.20626009936625,0.286757702017731,7.69381287352425,1.42813879914732e-14,1.90949349511892e-12
"ENSG00000176845",1138.90866252896,0.555717519201454,0.15031932745939,3.69691328848971,0.000218236842927116,0.00301108517134407
"ENSG00000176890",153.230203172321,0.912994097697608,0.333779531641434,2.73532080654485,0.00623195069975039,0.0445122228112456
"ENSG00000176909",52.459835132426,1.11581724210992,0.2976446706365,3.74882318478537,0.000177666283987038,0.00251863301899246
"ENSG00000176915",1393.86309856724,-0.310146134140749,0.0842077251952286,-3.68310785526744,0.000230407614781565,0.00315093857300618
"ENSG00000176928",260.114060580491,-1.96447199678853,0.514233217259239,-3.82019661673896,0.000133345333714441,0.00198416575426972
"ENSG00000176971",2618.73034948469,-1.27723915911849,0.250293564649068,-5.10296443661779,3.34373857022189e-07,1.05327764961989e-05
"ENSG00000176974",157.213245250932,-0.912901009094318,0.192873388738005,-4.73316207625918,2.21048838539535e-06,5.65866758162156e-05
"ENSG00000177054",205.76444319714,-0.586547874030742,0.155421880540476,-3.7739079722304,0.000160710064683385,0.00231714239886788
"ENSG00000177192",130.792010584979,-0.655552188495766,0.244091271032387,-2.68568468558134,0.0072381360117363,0.0499149379510646
"ENSG00000177283",115.085170511591,-2.46976989029536,0.277147100056517,-8.91140441228398,5.03901523212376e-19,1.21623504011714e-16
"ENSG00000177409",815.800158281047,0.576663424691942,0.128125651348594,4.50076482439102,6.77093876755224e-06,0.00015124747234971
"ENSG00000177425",464.51468965252,-0.947477464729632,0.26747897436824,-3.54225025337967,0.000396728900919361,0.00498526478944309
"ENSG00000177426",1029.21744633036,-0.931005776489614,0.154618694866157,-6.02130148165797,1.73020139976884e-09,9.62748293853412e-08
"ENSG00000177432",131.871311388841,0.579576345900432,0.199196154037443,2.90957598403977,0.00361919399225477,0.0293467366256784
"ENSG00000177469",19540.3739335492,-0.643974774111461,0.150056934410296,-4.29153625350401,1.77441225472426e-05,0.000355360471487612
"ENSG00000177570",102.12210509286,2.02795119424792,0.368964716285464,5.4963282523712,3.8778039699485e-08,1.57700189893858e-06
"ENSG00000177575",10.1021400184677,-4.40669478598648,0.927360576549154,-4.75186771728473,2.01546219235747e-06,5.23147553700608e-05
"ENSG00000177595",504.939878378709,0.722919032287871,0.249051043055786,2.90269425663856,0.00369967632133027,0.0297808051464402
"ENSG00000177606",3149.92922256505,1.07811030886525,0.32837326156593,3.28318543271157,0.00102641125542504,0.0108694320125779
"ENSG00000177614",133.150339732154,2.47608832687809,0.346587121426907,7.14420177150258,9.05203552214353e-13,1.0384696307348e-10
"ENSG00000177628",2772.05885792479,0.284941231103467,0.0843240508788024,3.3791217112305,0.000727178069423811,0.00823057516458072
"ENSG00000177663",926.999279635609,-0.483494456789381,0.157346452050476,-3.07280177270396,0.0021205930079702,0.019433540953218
"ENSG00000177666",1701.23387978068,-1.10497427752169,0.104992523703467,-10.5243139086979,6.67459189690072e-26,3.64844971776176e-23
"ENSG00000177674",751.373295308449,-1.10956657934517,0.153127033784654,-7.2460528485491,4.29092739384437e-13,5.1783691957531e-11
"ENSG00000177706",1898.66238539391,-0.963407903786255,0.227203851185096,-4.24027981374926,2.23241325072472e-05,0.000433083510070134
"ENSG00000178015",22.9769592996899,-2.60052158815872,0.537133484607293,-4.84148105207034,1.28874966201378e-06,3.49655656474834e-05
"ENSG00000178028",424.700820643446,0.473437912870833,0.158613265226046,2.98485698655857,0.00283710934600765,0.0243996655231616
"ENSG00000178038",34.8216106431077,1.06077613151362,0.336231333177925,3.154899698037,0.00160553291399477,0.0155006904969313
"ENSG00000178053",153.800876319623,0.7422529937592,0.266714520948742,2.78294931644104,0.00538672203450363,0.0398218890259547
"ENSG00000178184",59.419312449312,1.12723633030462,0.38905302504531,2.89738482350405,0.00376287876957821,0.0301435784192289
"ENSG00000178209",20319.6373232885,-0.843559625506378,0.254691009775535,-3.31209030993998,0.000926016475281807,0.00995373984564047
"ENSG00000178301",84.8581919015469,0.895464431674526,0.293706522230953,3.04884081181687,0.00229726175458006,0.0206953997619343
"ENSG00000178307",373.662887477732,-0.390732153811485,0.128774904974792,-3.03422591449765,0.00241153770364116,0.0215369669496256
"ENSG00000178425",456.156270553556,0.727048796851189,0.126769525914762,5.73520167094454,9.73963854610661e-09,4.5825615792251e-07
"ENSG00000178449",222.264356122612,-0.475539569550825,0.154531165133718,-3.07730527456604,0.00208881262310774,0.019180129743309
"ENSG00000178567",670.520408226995,0.284204586753748,0.0879015898357152,3.23321327048709,0.00122406143923301,0.0124926863526334
"ENSG00000178605",379.091868944123,-0.394132001113313,0.128449208653529,-3.06838792737463,0.0021521703761751,0.0196165210599383
"ENSG00000178662",37.9032472274091,1.2877746269708,0.330361377367807,3.8980786350732,9.69589341546732e-05,0.00150919748012111
"ENSG00000178695",2649.85014895882,2.49991264986672,0.178932897388933,13.9712299210852,2.33558107609739e-44,4.8229749221411e-41
"ENSG00000178723",34.4926737456492,-3.61359560375563,0.541593178977351,-6.67215863127911,2.52067883455673e-11,2.14893652019435e-09
"ENSG00000178734",14.3865287224361,1.65741523052787,0.504361871879229,3.28616281867703,0.00101562285838062,0.0107736020679246
"ENSG00000178764",835.560429144114,0.653341281456088,0.157411682372163,4.15052600677639,3.3171207330849e-05,0.000603216133310986
"ENSG00000179082",29.3949385089967,1.13744503618075,0.410579369726858,2.77034142494166,0.00559975598315052,0.0408925206078005
"ENSG00000179094",776.596665468835,-3.18385728117599,0.201515441016781,-15.7995698250778,3.1324679468427e-56,1.94056389306905e-52
"ENSG00000179222",4792.95170026134,0.648924222502018,0.126190466138832,5.14241877661412,2.71223712038773e-07,8.74765074169362e-06
"ENSG00000179241",290.00369090641,-0.543475242090302,0.187766701812447,-2.89441757694161,0.00379862622875916,0.0303776642584911
"ENSG00000179242",58.3371744439513,-1.38765428978393,0.478308861521113,-2.9011678465896,0.00371774683151057,0.0298592588001832
"ENSG00000179294",38.6109838515311,-1.02773731559039,0.274000370631467,-3.75086104161774,0.000176228350603155,0.00250206561952608
"ENSG00000179295",7618.94575809132,-0.493385513093334,0.115607482629201,-4.26776452416853,1.97441579657875e-05,0.000389506777277462
"ENSG00000179300",68.2352102954452,-3.01876191255037,0.647618172054195,-4.66132984344015,3.14172750488604e-06,7.76497534422876e-05
"ENSG00000179388",47.744017256153,1.85487461236979,0.420797361926895,4.4079996221365,1.04329727254108e-05,0.000222933937123475
"ENSG00000179431",159.709844637492,-0.617433976360053,0.210493195629329,-2.9332728524267,0.00335408983445171,0.0277047820325711
"ENSG00000179593",67.2430476358842,-9.60973810157969,1.0888713622013,-8.82541173840066,1.09057825614255e-18,2.50227122103818e-16
"ENSG00000179632",1879.74019701364,-0.273993280868806,0.0862431735908875,-3.17698513935201,0.00148814661148369,0.0145871333198441
"ENSG00000179820",3784.35383489187,-1.48886420804246,0.196862105271089,-7.56298021903311,3.93937530575279e-14,5.11981049352556e-12
"ENSG00000179862",55.1843052120303,-1.45910364515431,0.346782724830781,-4.20754420759081,2.58160910912713e-05,0.000487234043643486
"ENSG00000179899",845.443031645644,0.324262543972112,0.11676349757396,2.77708830849914,0.00548482747763397,0.0402907188426195
"ENSG00000180139",22.2360762935973,-1.5433322224509,0.492575966806104,-3.1331862016289,0.00172919706687782,0.01643842838257
"ENSG00000180182",889.880380852073,-0.277222900677234,0.090760106261774,-3.05445764769883,0.00225467846820234,0.02037102544071
"ENSG00000180354",1295.13979614775,-0.453203031006852,0.160844957924438,-2.81763902863376,0.00483781649720983,0.0366683603591536
"ENSG00000180488",468.651303873485,-0.476433948295363,0.149454663684355,-3.18781586703497,0.00143351791574126,0.0141938894320998
"ENSG00000180611",111.622844453866,-0.545185562833724,0.179842806585613,-3.03145604310946,0.00243377353992886,0.0216523127044413
"ENSG00000180628",946.328044949167,-0.413178385451725,0.151991723228859,-2.71842687663716,0.00655931524412125,0.046334045538576
"ENSG00000180667",221.061282361442,-0.444613839270551,0.159897711111257,-2.78061415751717,0.00542561800237851,0.0400177265129042
"ENSG00000180672",133.247860489954,-1.29371942836121,0.308866551625957,-4.1886032059824,2.80676660538166e-05,0.000523732503624681
"ENSG00000180694",820.070172601781,-0.691495446003792,0.22913275467819,-3.01788125829053,0.00254548622709692,0.0224345515416291
"ENSG00000180773",449.146274057532,-0.324423814565276,0.115024981930084,-2.82046394723602,0.00479542617267398,0.0364511228708163
"ENSG00000180881",98.4418601984209,0.659869822930175,0.203119396585203,3.24867951571222,0.00115942025036941,0.011977668345256
"ENSG00000180891",1090.02451789004,-0.553508062947803,0.110808252374172,-4.99518809374184,5.87784506939032e-07,1.74736703398404e-05
"ENSG00000180938",37.592448072072,0.789238672306682,0.270022321998181,2.92286454862794,0.0034682735720549,0.0284331117497311
"ENSG00000180957",1121.49433520603,-0.331888044703942,0.0877297948766889,-3.78307102131536,0.000154905190575633,0.00225620138467722
"ENSG00000180992",340.142278020004,0.440300815799268,0.160710929647754,2.7397067316101,0.00614940278758694,0.0440725863297352
"ENSG00000181019",2668.46988499454,0.726291336011151,0.243401597683449,2.98392181038891,0.00284579483605707,0.0244509893527177
"ENSG00000181027",534.623978974294,-0.639699095354776,0.102180026876587,-6.2605101496734,3.83720096452593e-10,2.51994275355881e-08
"ENSG00000181045",309.114765375193,0.35187389672435,0.113092061998104,3.11139341265392,0.00186206682076853,0.0174340110146011
"ENSG00000181061",2420.90428250501,-1.21028169752674,0.128067095373763,-9.45037204126901,3.37628501219006e-21,1.14087739911913e-18
"ENSG00000181072",2959.24041178478,0.708139781628106,0.234239863478166,3.0231394909181,0.00250166901145783,0.0221397707514018
"ENSG00000181192",582.629722528429,-0.755249733191502,0.144176335490365,-5.23837515097595,1.61996507660378e-07,5.56507411251039e-06
"ENSG00000181467",630.874185291974,1.27247507719429,0.118312698010788,10.755186033187,5.60208661871039e-27,3.59016482099078e-24
"ENSG00000181472",570.165969281763,0.590317619494306,0.159864905397539,3.69260293887737,0.00022197044689376,0.00305353127721727
"ENSG00000181481",392.109035385433,-0.459967354063156,0.13975978247355,-3.29112814804364,0.000997864450547167,0.0106215984040201
"ENSG00000181634",26.8284864165412,2.60400358050066,0.510098781897661,5.10490060535586,3.30968428876963e-07,1.04432058585371e-05
"ENSG00000181800",44.5030151559632,-0.900772336674243,0.296385872438134,-3.03918783059494,0.00237216904547636,0.0212261731873751
"ENSG00000181819",81.5716613981552,-0.634832592543794,0.186233701760084,-3.40879543575641,0.000652503890786774,0.00751349740413395
"ENSG00000181826",154.489883187331,-0.984127941634479,0.202655121874234,-4.8561710779026,1.19677314921284e-06,3.26608355038483e-05
"ENSG00000181827",779.306101757565,0.558026959415342,0.121798237411681,4.58156843049539,4.61501537700292e-06,0.000107886868907672
"ENSG00000181830",731.194695860722,-0.61686943314662,0.121368839459815,-5.08260139828447,3.72300448204925e-07,1.15512584806153e-05
"ENSG00000181852",1214.65738241249,-0.443309282400881,0.11273409652001,-3.93234430474362,8.41214629841939e-05,0.00133738014504811
"ENSG00000181904",1281.25131531466,-0.307226397097832,0.102226420500719,-3.00535219362074,0.00265273489902378,0.0232055585814142
"ENSG00000182010",118.307066785441,1.90175538849502,0.255047815580856,7.4564660911284,8.88739548854695e-14,1.139118932101e-11
"ENSG00000182054",850.731461278087,-0.588900429686694,0.169189922167917,-3.48070631004974,0.000500093515359529,0.00603130303890776
"ENSG00000182158",3001.5954667856,-0.552212605845929,0.191062143073581,-2.89022512237426,0.00384966034238377,0.0307459980503663
"ENSG00000182197",5290.24632370394,0.844504802341253,0.122435837758133,6.89752949630267,5.29146590168352e-12,5.14879025040776e-10
"ENSG00000182199",1346.21555374786,0.701464806872105,0.106839387350381,6.56560117264283,5.1823352326545e-11,4.06386921092337e-09
"ENSG00000182217",158.128687631005,0.52881647525881,0.149635014012414,3.53404234128609,0.000409255511489248,0.00511844796839009
"ENSG00000182263",170.665366168306,0.533297083035626,0.188148201944033,2.8344521899511,0.00459043261411518,0.035195210451044
"ENSG00000182272",49.2893071445037,0.872341375688838,0.306662285499856,2.84463208205382,0.00444627473747865,0.0343735507471052
"ENSG00000182379",20.17809896809,1.21831881277212,0.389083437081162,3.13125334224388,0.00174061934193341,0.0165048012601186
"ENSG00000182446",2003.29190985703,-0.249339521171151,0.071413757169167,-3.49147742752854,0.000480357052645362,0.00584256271165841
"ENSG00000182473",1811.84173880088,0.39616180596605,0.144000405536788,2.75111590477321,0.0059392624830532,0.042799997381754
"ENSG00000182551",1372.69294178038,-0.548706695076471,0.146829019858197,-3.73704527624304,0.000186195405871424,0.00262353420630812
"ENSG00000182552",978.40682352807,-1.12557025656847,0.170104125548849,-6.61694860684162,3.66688903355117e-11,3.02885034171327e-09
"ENSG00000182575",282.979660749764,-1.2638558019139,0.423404935725946,-2.98498126798396,0.00283595690062108,0.0243996655231616
"ENSG00000182580",426.12530158249,1.45260756398838,0.301551740085473,4.81710887682708,1.45653221236152e-06,3.9005261047174e-05
"ENSG00000182621",270.181653890777,0.754256255462171,0.185608346342233,4.06369794422628,4.83013240286487e-05,0.000828882832015176
"ENSG00000182670",6546.20556365777,0.543103062379238,0.125167849355671,4.33899811473139,1.43133750443431e-05,0.000294263357521146
"ENSG00000182704",1014.92688753461,-0.966382707020903,0.244006619991226,-3.96047741268516,7.48000683590446e-05,0.00120464408184822
"ENSG00000182718",25279.2258967989,-0.666836834574377,0.107218211181072,-6.21943629938209,4.98944130784428e-10,3.15183882433301e-08
"ENSG00000182732",5.22400635191703,2.58347423875563,0.804065188137615,3.21301590576195,0.00131349015252933,0.0132181961071128
"ENSG00000182809",811.626088078047,-0.660556015953694,0.138990329592975,-4.75253219334104,2.0088477138433e-06,5.22159926738151e-05
"ENSG00000182836",24.8482764730387,-3.29347479488648,0.820441957448372,-4.01426909604843,5.96302858629705e-05,0.000995713263938281
"ENSG00000182916",401.643993352643,0.52744091219311,0.121128031421748,4.35440835620162,1.33426783421965e-05,0.00027706556088237
"ENSG00000182952",876.070312038968,-0.287440073901408,0.105926156015288,-2.71358920888173,0.00665586447435493,0.0468735283273537
"ENSG00000182957",461.46345208903,0.533461912992947,0.191728570106695,2.78238090805184,0.00539616657009644,0.0398758471989035
"ENSG00000183010",240.376936379501,0.689089759204772,0.228939435739928,3.00992162830159,0.00261315107592898,0.0229515183110303
"ENSG00000183023",914.500521966261,0.814260001224892,0.262046769479933,3.10730791622007,0.00188799634949234,0.0175969970688642
"ENSG00000183044",498.690421563468,-1.15804232995104,0.0969897819698747,-11.9398384698991,7.33655323408188e-33,8.02057893267128e-30
"ENSG00000183049",315.306904848783,0.775429725702966,0.152719153960849,5.07748835422277,3.82456941033636e-07,1.18072462609803e-05
"ENSG00000183092",4.67312382142816,3.37269157881297,1.08333163359369,3.11325864973118,0.00185033779402638,0.0173555850006238
"ENSG00000183160",2987.67071981722,1.16914762377728,0.112145760160906,10.4252503358112,1.90157919231974e-25,9.81690258035067e-23
"ENSG00000183287",6313.41132312804,-0.61378249930087,0.167117900884932,-3.67275136924731,0.000239952923359544,0.0032670513411261
"ENSG00000183291",3197.19917433687,-0.400624768569609,0.120800920544448,-3.31640493105515,0.000911836049607686,0.00982404230838194
"ENSG00000183454",5.80417114112773,4.35970435156812,1.20931323777805,3.60510760601486,0.000312023615629667,0.0040555013132876
"ENSG00000183496",171.526821513788,1.63570702327384,0.387752962748239,4.21842559675263,2.46014124149046e-05,0.000468940768954875
"ENSG00000183508",90.0360052786607,2.46777777847951,0.333875039682592,7.39132155798643,1.4537656733553e-13,1.83797517274205e-11
"ENSG00000183621",496.401922215464,-0.704595397278919,0.152673249253143,-4.61505470490543,3.92991787613506e-06,9.39993870372845e-05
"ENSG00000183655",136.044456552842,-0.648029605714223,0.189345145355963,-3.42247805982005,0.000620531055511754,0.00718988133833289
"ENSG00000183666",113.758790692083,0.451811268253898,0.165994855932976,2.72183897334943,0.00649197672383597,0.0460509112261418
"ENSG00000183688",1153.09663673123,-0.769466118349562,0.206934744538307,-3.71839982728044,0.000200488765983172,0.00279946184507683
"ENSG00000183722",3013.23853843146,-0.692382739510582,0.0874807661635934,-7.91468536313219,2.47879156414132e-15,3.83902843496387e-13
"ENSG00000183723",519.333166608823,-0.815975944122784,0.194425184959001,-4.1968634068413,2.70637045536758e-05,0.000508059544575823
"ENSG00000183726",2457.92298891909,-0.691086628639487,0.125083424483636,-5.5250056631596,3.29474983576704e-08,1.35771453875234e-06
"ENSG00000183775",75.7120149992736,0.940543792149157,0.336230931437397,2.79731489345226,0.00515292846508724,0.0383990278763618
"ENSG00000183801",1368.9219054175,1.00724650891346,0.249373761887175,4.03910379861522,5.36558184131744e-05,0.000906539441098951
"ENSG00000183876",193.711245126177,1.63939366133486,0.424940563836709,3.85793638181558,0.000114348400272296,0.00173059040640116
"ENSG00000183941",158.128687631005,0.52881647525881,0.149635014012414,3.53404234128609,0.000409255511489248,0.00511844796839009
"ENSG00000183963",1376.0429343121,0.915202277376895,0.17399102843843,5.26005441539622,1.44012777374083e-07,5.01213008894631e-06
"ENSG00000184007",3912.23933810899,-0.262539905093295,0.0717056178169891,-3.66135754890731,0.000250882342793774,0.00339348496420836
"ENSG00000184009",52170.6600084671,-0.615319804580382,0.147376620178314,-4.17515209560304,2.97787029161736e-05,0.000550683774822972
"ENSG00000184156",16.2914180483717,-2.51460912335023,0.566559150622856,-4.4383876256976,9.06352836345934e-06,0.000197243178729382
"ENSG00000184185",43.56754558639,-0.915807297499964,0.299460727103625,-3.05818831857394,0.00222679589850442,0.0201779628345708
"ENSG00000184205",736.460243121389,0.528300637137131,0.170042915619547,3.10686649433339,0.00189081769624921,0.0176144595913742
"ENSG00000184227",215.175689353221,-0.860228489671873,0.186572254546213,-4.61069890463697,4.01317447408059e-06,9.57443486531293e-05
"ENSG00000184304",777.541361597905,-0.714142145897003,0.119253194776634,-5.98845294865787,2.11846403887166e-09,1.16140572750531e-07
"ENSG00000184307",101.191817912381,-1.71022317411919,0.357544380654557,-4.78324724608531,1.7248574451195e-06,4.52775079343868e-05
"ENSG00000184319",783.78938444906,0.472992341299592,0.173905534746678,2.7198233914095,0.00653167913046835,0.046244288243716
"ENSG00000184371",3057.36284995106,-0.394755766736024,0.132300131578495,-2.98378967598994,0.00284702399565678,0.0244509893527177
"ENSG00000184465",428.414345208041,0.463742416225857,0.142490937890157,3.25453971384023,0.00113576279047441,0.011792263386015
"ENSG00000184517",180.242343451612,0.507301255715429,0.134503409481903,3.77166093907593,0.000162164512300846,0.00233268379342974
"ENSG00000184564",43.2170676125144,2.97365140485487,0.683367275923544,4.35146883619222,1.35228544522883e-05,0.000280380084956792
"ENSG00000184575",3452.18041024706,0.586222800896368,0.100495619153186,5.83331697278053,5.43362046618693e-09,2.67153006254191e-07
"ENSG00000184743",3489.01614745955,-0.770100477776448,0.204728443227654,-3.76157052549904,0.000168849796054275,0.00241142088830354
"ENSG00000184785",275.759746780512,-0.584387521353209,0.193384536465233,-3.02189374618519,0.00251198705979763,0.0222205042866916
"ENSG00000184788",75.211465513309,-0.948686977907901,0.270531311317128,-3.50675481255406,0.000453606902419443,0.00557927483882551
"ENSG00000184867",1439.95749418244,0.392868282056616,0.128873785773391,3.04847319956463,0.00230007427954851,0.0207106979095974
"ENSG00000184898",750.628689164904,0.696630204582813,0.172955290716228,4.02780511482468,5.62999797885883e-05,0.000946053457839885
"ENSG00000184916",28.9463991388599,1.15649894439459,0.412016454032408,2.80692417275069,0.00500170138112059,0.037634259177379
"ENSG00000184949",50.8006804839343,0.776985745772292,0.252159124115142,3.08133107813898,0.00206077369104858,0.0189789291616144
"ENSG00000185022",648.341698714604,-1.29751152530443,0.187152942279416,-6.93289407850865,4.12316934891657e-12,4.11984421234487e-10
"ENSG00000185112",706.041444761291,-1.23143830772379,0.30442914574927,-4.04507362359454,5.23066832879952e-05,0.000887780556079808
"ENSG00000185122",1086.7839808777,-0.413858846377799,0.113554483336592,-3.64458394083008,0.00026782471480985,0.00358869670132737
"ENSG00000185189",1346.53507785704,-0.486590932788325,0.146043079849188,-3.33183149308275,0.00086276479285962,0.00941543374943983
"ENSG00000185215",855.036816780205,0.862026609300785,0.213319005073119,4.04102114110887,5.32189599405095e-05,0.00090079633014059
"ENSG00000185219",614.817183551142,0.470178476355333,0.0996949411844274,4.71617186157462,2.40323457410289e-06,6.11837185749345e-05
"ENSG00000185222",2787.10679694467,-0.666427603616566,0.135666349136946,-4.91225427569995,9.00351836437774e-07,2.53147335555159e-05
"ENSG00000185252",140.282086884694,0.803458617342595,0.210996939526654,3.80791597804716,0.000140142870199326,0.00206874919988441
"ENSG00000185262",384.2659415607,-0.906843566844529,0.214789336171488,-4.22201391842146,2.42129154278918e-05,0.000463436697453521
"ENSG00000185267",48.7414413763569,0.776058412399194,0.289011739893902,2.68521414626302,0.00724833480029572,0.0499547351104746
"ENSG00000185338",222.262668967066,1.1720874214363,0.304699825712588,3.84669541144369,0.000119721651042172,0.00179727535106524
"ENSG00000185344",447.988309181844,-0.463181018051701,0.111216599831907,-4.16467522610611,3.11796084386818e-05,0.000571472409105426
"ENSG00000185418",197.565832596306,0.816119881675854,0.242085296386292,3.37120797445535,0.000748393361936633,0.00841433190053982
"ENSG00000185432",3885.6492404017,-2.32574937133417,0.259324273309715,-8.96849855839173,3.00583679933046e-19,7.54911850210223e-17
"ENSG00000185499",393.264226746219,-0.798629477728345,0.240493764053182,-3.32079079419182,0.000897627945555184,0.00971602525809149
"ENSG00000185532",1385.29943945364,0.511927920336465,0.138216671584201,3.70380732272663,0.000212387599639585,0.00294129920961377
"ENSG00000185551",3176.42995951529,-0.803039690080929,0.199238190352449,-4.03055101364033,5.56462497288852e-05,0.000935914525983106
"ENSG00000185561",169.294258004465,-0.971514924251341,0.282350104398231,-3.4408165930093,0.000579961508162144,0.0068046620133797
"ENSG00000185650",3949.6421077083,0.66394906728534,0.181487964981398,3.65836416400059,0.000253830212076774,0.00342836808971428
"ENSG00000185716",425.482274087428,-0.868449921583471,0.152057778216528,-5.71131534190124,1.12106295511779e-08,5.16996402502834e-07
"ENSG00000185745",237.715593495462,1.6308574186192,0.353081290093549,4.61892902392846,3.85725759577945e-06,9.27388517691606e-05
"ENSG00000185813",468.253727549524,-1.12216948643949,0.154752951183809,-7.25136081641912,4.12604885801417e-13,5.01193581870545e-11
"ENSG00000185875",68.1381368116132,0.814594994861101,0.243314091924049,3.34791539782817,0.000814218631314036,0.00899444980995307
"ENSG00000185880",580.637249737032,0.431586153904963,0.156155129715353,2.7638294988559,0.00571273814985044,0.0414893468210123
"ENSG00000185950",1974.88307917017,-2.16283209120193,0.211701291465418,-10.2164331461116,1.67387077342238e-24,7.77722208101374e-22
"ENSG00000185972",13.4505961000108,1.39227192983729,0.468854458136825,2.96951837755799,0.00298266971076259,0.0252311864244528
"ENSG00000186063",3657.25564046682,-0.372596051235002,0.101749769605833,-3.66188594508268,0.000250365326962146,0.00338895819489547
"ENSG00000186073",326.376390737352,0.661010210097803,0.156158268253116,4.23295043863047,2.30645346988775e-05,0.000445123964048429
"ENSG00000186198",52.6273494217319,1.58685106739115,0.438657459757719,3.61751756887392,0.00029744214629095,0.00391799211234798
"ENSG00000186260",572.003405757739,0.436800028830881,0.125965056432413,3.4676285725736,0.000525072490075261,0.00626346099361279
"ENSG00000186310",79.2763980615152,0.977743337389999,0.270759220739101,3.61111741539593,0.000304880585322542,0.003989016458525
"ENSG00000186314",38.5694776321026,-1.17695265971917,0.367120733442677,-3.20590081819213,0.00134640387262791,0.0134894425729325
"ENSG00000186340",14436.1253674321,0.555906185532385,0.195040610055698,2.85020737667727,0.0043690732489983,0.0338753551658879
"ENSG00000186469",277.748160558649,1.05644279341411,0.333508422329705,3.16766451064231,0.00153668739884506,0.014983911493985
"ENSG00000186575",2624.00223308639,-1.04187034925055,0.247815350320663,-4.20422039192656,2.61983573383007e-05,0.000493309494561619
"ENSG00000186594",1373.78509497533,-0.836173266636418,0.14046552264278,-5.95287192831584,2.63477479211846e-09,1.39507947326272e-07
"ENSG00000186665",257.766666329821,0.708172065729288,0.19982324763282,3.54399237385317,0.000394116645221635,0.00495914546475565
"ENSG00000186918",1755.79061917856,-0.779079465112437,0.172505400073496,-4.51626131576467,6.29409869362706e-06,0.000141444523282596
"ENSG00000186998",5.03988401752781,2.21103502498851,0.778410652536286,2.84044805628536,0.00450502090714782,0.0347193890127334
"ENSG00000187079",8423.28818844086,-0.732294305864442,0.157174936365053,-4.65910356192938,3.17589402892769e-06,7.83851135824981e-05
"ENSG00000187109",12098.0627557556,-0.461438138671891,0.1068991732969,-4.31657350043578,1.58469929429423e-05,0.000321524414677492
"ENSG00000187134",13932.1797816741,-0.974019917131402,0.279580144250737,-3.48386656621032,0.000494225818344192,0.00597216309097971
"ENSG00000187189",489.612295399912,0.450242432872,0.113207537014788,3.97714184712971,6.97485622312775e-05,0.00114008533779093
"ENSG00000187193",37.3831222408412,-3.17271093547455,0.379885627369781,-8.35175301956403,6.72571855141548e-17,1.28863380699027e-14
"ENSG00000187239",1852.06374818396,-0.840484684552211,0.22512653590888,-3.73338789742848,0.000188921299713336,0.00265590193280814
"ENSG00000187288",22.4448024418943,-3.78636904284486,0.637244103601821,-5.94178748998006,2.81930760063765e-09,1.48013649033476e-07
"ENSG00000187446",2396.36888371286,-0.454436552642686,0.10021831684281,-4.53446602336635,5.77493968251021e-06,0.000131367507955266
"ENSG00000187479",42.870487694827,-1.0948538607389,0.34153241781255,-3.20570992279806,0.00134729732721432,0.0134911211348482
"ENSG00000187498",2283.83180964209,-1.34323905262836,0.247471309369673,-5.42785770217037,5.70344817805764e-08,2.20830384144169e-06
"ENSG00000187607",167.756493274769,0.51813223983737,0.164759817871004,3.14477307958081,0.00166215702338959,0.0159479547133172
"ENSG00000188015",121.007731181403,0.825399757827759,0.230592261929025,3.57947725965676,0.000344282204574141,0.00440363714522396
"ENSG00000188042",1231.9763688535,0.799543638949165,0.15524511252152,5.15020167761051,2.60206506450898e-07,8.47179948483418e-06
"ENSG00000188112",321.11371528547,-0.627865456167981,0.198358373969427,-3.16530854535415,0.00154918576690104,0.0150766430026644
"ENSG00000188153",441.021862342185,0.91075862844095,0.296930715777709,3.06724289555402,0.00216043224749552,0.0196725297989732
"ENSG00000188176",56.1464843859419,3.06160683328053,0.678876998379422,4.50981082079527,6.48854622654339e-06,0.000145463970591446
"ENSG00000188215",562.774595734038,-0.751265584681391,0.118531745761423,-6.33809600841884,2.32621865183952e-10,1.57783845417655e-08
"ENSG00000188312",76.954887366423,1.31979147203337,0.259715439642881,5.08168275959309,3.74105832788967e-07,1.15686470921513e-05
"ENSG00000188428",201.100927939298,0.344470149500204,0.121447456884775,2.83637186266507,0.00456292840538174,0.0350303224599268
"ENSG00000188483",318.547795371472,0.67670102329163,0.229284995535339,2.95135327853292,0.00316384819412471,0.0264389022876833
"ENSG00000188501",7.45189833914541,2.91914442024438,0.766924741565715,3.80629840456679,0.000141062172734092,0.00207910554238167
"ENSG00000188536",8.68260344217088,2.28346687677094,0.687465866678674,3.32157127713549,0.000895121163069181,0.00970019056305581
"ENSG00000188596",27.8945075290442,1.07891372325078,0.373800625787694,2.88633471647414,0.00389757404864737,0.0310619269700306
"ENSG00000188613",110.836295857972,-0.701152510341135,0.222672033505811,-3.14881262501623,0.00163935271412025,0.0157535523226085
"ENSG00000188706",1589.82921394637,-0.75502172644579,0.132802571031095,-5.68529449831965,1.30587428402164e-08,5.89645014061698e-07
"ENSG00000188916",53.158722797025,-2.49281469233881,0.605475403831633,-4.117119665908,3.83636902251991e-05,0.00068377145987302
"ENSG00000189007",169.747790008257,1.08592695809341,0.208383403406223,5.21119695879282,1.87626126541302e-07,6.34005738503655e-06
"ENSG00000189067",5385.51042448506,0.370960121445241,0.135745805446669,2.7327556842335,0.00628069017589146,0.0448086859573677
"ENSG00000189077",437.521160170381,-0.380615995900767,0.117697181196362,-3.23385821165726,0.00122130072004698,0.012478215438193
"ENSG00000189184",6487.77889101998,0.89846784066828,0.12806463360426,7.01573740838306,2.28739302691596e-12,2.40176267826176e-10
"ENSG00000189221",2341.76725275591,-3.30520054774633,0.228111111480525,-14.4894324800504,1.41305479131534e-47,3.75166047094222e-44
"ENSG00000189241",1379.06051463882,0.242648182873791,0.0877175678078671,2.76624385442695,0.00567061135329354,0.0412478716246421
"ENSG00000189266",1692.29633923379,-0.41389635356814,0.0671942371912379,-6.15970015985407,7.28828075826615e-10,4.50008963097596e-08
"ENSG00000189298",133.523270644532,0.546339207808568,0.154174966427131,3.54363111255672,0.000394657020934919,0.00496258507041643
"ENSG00000189320",1567.10131162557,-0.78607551755412,0.188300449941039,-4.17458119616951,2.98534732698142e-05,0.000551517694552183
"ENSG00000189339",2582.14174722045,0.441725822732033,0.126200954411134,3.50017814677526,0.000464947323771595,0.00569238867740125
"ENSG00000196072",488.672199014823,0.452586305431114,0.138711857637969,3.26278022036402,0.0011032504226751,0.0115125823163486
"ENSG00000196116",341.155947214242,-0.467125599349854,0.123797259734096,-3.77331130231147,0.000161095072384263,0.00231909521321575
"ENSG00000196123",301.898066105753,0.933142281168968,0.289425479253399,3.22411932624625,0.00126360734194966,0.0128118616749233
"ENSG00000196150",150.939259718075,0.572265168041679,0.155117127227954,3.68924552864301,0.000224920074474372,0.00308953406068455
"ENSG00000196152",134.74314165631,0.797757670151608,0.146808135884602,5.43401539257116,5.50998246734138e-08,2.14681392359622e-06
"ENSG00000196155",242.4421292061,1.36779307410591,0.226506640876263,6.03864446894127,1.55414246676527e-09,8.83294732257877e-08
"ENSG00000196159",2977.66750519565,-0.43038985987332,0.111511818545328,-3.85958964249491,0.000113577588428224,0.0017211424465507
"ENSG00000196196",27.9637692736054,-1.37396853993263,0.458581288562733,-2.99612865635854,0.00273431043114783,0.0237130934964454
"ENSG00000196214",234.281816365525,0.597026979288905,0.180008775844844,3.31665484911415,0.000911020867285383,0.0098209529109622
"ENSG00000196230",7908.12960335272,1.15972631512993,0.254732372802599,4.55272450207435,5.29556013541547e-06,0.000122106681286224
"ENSG00000196295",348.494129023768,0.433955382111032,0.131534105697716,3.29918525548288,0.000969658968442563,0.0103683111519697
"ENSG00000196305",2973.22896197326,0.641725238227428,0.168941084640313,3.79851496510577,0.00014556564147083,0.00213523081825997
"ENSG00000196345",83.2997972465677,0.680346394257741,0.215022241024201,3.16407452092905,0.00155576954636536,0.0151287215289071
"ENSG00000196371",160.198621781976,-0.560883870563922,0.200484902937522,-2.79763644217497,0.00514780196746642,0.038391612987706
"ENSG00000196372",279.91823382205,-0.885696331012073,0.155135375207033,-5.70918354263225,1.13519418707455e-08,5.22217424920312e-07
"ENSG00000196405",863.484591458312,0.414617420400432,0.145148443112672,2.85650614990465,0.00428331706401795,0.0333775461781021
"ENSG00000196409",116.599845111422,0.553940908065181,0.158458001300021,3.49582162794267,0.000472604509450043,0.00577472373972981
"ENSG00000196411",1152.04460393702,0.927096137084674,0.206519433186006,4.4891472089683,7.15088696643443e-06,0.000158780447157926
"ENSG00000196465",760.058241433163,0.417166124783394,0.130432280294042,3.19833498151646,0.00138223616160742,0.0137815767507907
"ENSG00000196476",124.730361234624,1.05781235092065,0.182780062235366,5.78735086301973,7.15051229620331e-09,3.43390881201391e-07
"ENSG00000196507",988.842685681754,-1.05480581454699,0.174369760317303,-6.04924737309697,1.45524064114901e-09,8.35043455984107e-08
"ENSG00000196511",51.3573930757199,1.05206761044856,0.279428762246146,3.76506556444538,0.000166505386007737,0.00238405439056532
"ENSG00000196517",229.640742740425,2.21693468185754,0.166661340519071,13.3020331826976,2.25258462954221e-40,3.4886904450035e-37
"ENSG00000196526",1845.33635282473,0.599292453614966,0.142082160775588,4.21792891059364,2.46556520970272e-05,0.000469493129327101
"ENSG00000196535",1287.3299371688,0.367070174799469,0.135094950091115,2.71712728382443,0.00658512775368602,0.0464810479689536
"ENSG00000196569",17178.4260430908,-2.07079623200448,0.295024058178929,-7.01907581634772,2.23340574920622e-12,2.35840033232941e-10
"ENSG00000196588",1018.85771580796,-0.392370847949989,0.138242200572507,-2.83828560544501,0.00453565781830457,0.0348759621651595
"ENSG00000196616",46331.3657273793,-1.19377230811362,0.193705798494704,-6.16281142531856,7.14645949445792e-10,4.42723165681668e-08
"ENSG00000196639",685.359731764166,0.683775432232156,0.131645695290395,5.19405842115708,2.05758525968563e-07,6.86538995534243e-06
"ENSG00000196659",107.497443720001,0.5986885662512,0.178183863168603,3.35994828939534,0.000779570624029708,0.00869125377779971
"ENSG00000196663",1352.55316864925,-0.25856339689784,0.0915789653787109,-2.82339285914173,0.00475183051940434,0.0361789308492952
"ENSG00000196715",1018.60768096566,-0.713579455153211,0.139244488904925,-5.12465132922018,2.9808885307627e-07,9.5025408823713e-06
"ENSG00000196739",439.384701506224,0.975429212018618,0.33332126456373,2.92639358996587,0.00342916793964958,0.0282120788660414
"ENSG00000196743",1505.13490348315,-0.358985815238536,0.126472050970457,-2.83845966349035,0.00453318485317568,0.0348759621651595
"ENSG00000196781",1105.65745711537,-0.891984003656625,0.251849677408753,-3.5417317696577,0.000397509469439007,0.00499169830373239
"ENSG00000196810",300.811857566277,0.456445947246894,0.114077639289415,4.00118682407943,6.3025570706785e-05,0.00104396633831159
"ENSG00000196843",478.52716088197,-0.720556251180842,0.21111530507967,-3.4130933847213,0.000642299285157547,0.00740976549637058
"ENSG00000196850",520.924937788046,-1.1793586747031,0.185678626452559,-6.35161244584298,2.1306957842747e-10,1.46121701663267e-08
"ENSG00000196912",266.327970303258,0.440659982663572,0.115834555388041,3.80421870820309,0.000142252456716361,0.00209489850085069
"ENSG00000196914",5866.26252602567,-0.317484150173229,0.0998687611468346,-3.17901360272648,0.00147777155994918,0.0145007309618033
"ENSG00000196923",3655.04450181789,-0.590853813392212,0.207866344183782,-2.84246983662645,0.00447654668650285,0.034535749343568
"ENSG00000196924",71951.2934370115,-0.582961781861681,0.153054162829049,-3.80885936773121,0.00013960932940701,0.00206251143643028
"ENSG00000196932",68.8289838616752,2.07412910482642,0.295363875708705,7.02228429204379,2.18269833038025e-12,2.31802562686383e-10
"ENSG00000196950",808.748017483607,1.2221951976996,0.234846559474184,5.20422866928971,1.94804016490219e-07,6.51156950804085e-06
"ENSG00000196961",3872.2511836411,-0.243756294642808,0.0797959119931544,-3.05474664746885,0.0022525071435315,0.0203613060615432
"ENSG00000196968",704.61910984297,-0.306321824694248,0.0989738528192304,-3.0949772689331,0.00196827981086517,0.0182264475759488
"ENSG00000196975",4908.8181516426,-1.1932897073569,0.131518959980958,-9.07313825724954,1.15637413978695e-19,3.20764378924485e-17
"ENSG00000197006",1797.57638299781,0.259356252384952,0.0814280781217951,3.18509607947547,0.00144705955986129,0.0142747356263387
"ENSG00000197008",69.527893263272,0.668828532235576,0.207481385292982,3.22355921853486,0.00126608117316941,0.0128159687382099
"ENSG00000197043",14120.9989647215,-0.921728269264563,0.096472125157379,-9.55434813694535,1.24364353352188e-21,4.53198334715767e-19
"ENSG00000197044",190.361431549884,0.368799749408365,0.131603820063297,2.80234836064017,0.0050732059834291,0.0380260762993982
"ENSG00000197045",1852.60237552863,-0.629577906156219,0.118124524969702,-5.32978148540874,9.83310052353727e-08,3.5579382633332e-06
"ENSG00000197046",4.93641997830068,2.69641691434145,0.907779494854757,2.97034349159084,0.00297466935837189,0.0251864373691762
"ENSG00000197062",359.808388396316,0.535089140129499,0.14089874581872,3.79768561473174,0.000146053401780949,0.00214069595591399
"ENSG00000197119",339.210167517502,0.638288967689072,0.192873733595506,3.30936180780163,0.00093508914248027,0.010045451857223
"ENSG00000197121",368.353368514386,0.605747504481011,0.133521705202654,4.53669688805749,5.71421422814216e-06,0.000130625672115648
"ENSG00000197124",41.073660221797,0.758904824166496,0.278128770458087,2.72860956785073,0.00636019572613424,0.0452716344581405
"ENSG00000197210",18.1131072413261,-1.8994414357086,0.637982028103498,-2.97726480063237,0.00290832697550092,0.0247941545136168
"ENSG00000197217",1667.23069560477,-0.589314425449484,0.128819879164172,-4.57471648997935,4.76865288072554e-06,0.000110920417757552
"ENSG00000197265",539.011816417966,-0.298198182434758,0.102546339446592,-2.90793590530908,0.00363822897411565,0.0294625209080346
"ENSG00000197301",209.371049795359,-2.31289192940922,0.323311377187998,-7.15375978886239,8.44327631313766e-13,9.80739314247896e-11
"ENSG00000197312",476.457890302411,-1.06144164980477,0.198847580896766,-5.33796611966743,9.39950173201583e-08,3.42528901351989e-06
"ENSG00000197321",8190.13705342875,0.511007590623504,0.0777114627991773,6.57570417821184,4.8423443863555e-11,3.87640999381796e-09
"ENSG00000197380",303.365457891159,0.514777949383981,0.154005505790769,3.34259445297596,0.000829991031384605,0.00913826025964625
"ENSG00000197381",1969.04835631005,-2.32320495642059,0.59179731417687,-3.92567674906051,8.64862362269068e-05,0.00136911984691402
"ENSG00000197442",1549.29885676474,-0.704352332545781,0.161594790168837,-4.35875644140423,1.30803586826055e-05,0.000273144343950812
"ENSG00000197496",2114.27670999031,-0.489896041190536,0.163011455039077,-3.00528598479843,0.00265331245550203,0.0232055585814142
"ENSG00000197557",167.456444093475,0.556524045370464,0.189667531712599,2.9342082977795,0.00334399711040573,0.0276691601747225
"ENSG00000197586",889.007282211498,-0.409056342990851,0.092544005876669,-4.42012790688994,9.86424981528886e-06,0.000212069836267378
"ENSG00000197594",665.060709177169,-1.34365377708701,0.411950010636741,-3.2616913275719,0.00110749666601978,0.0115504071481356
"ENSG00000197601",1204.37261038123,-0.295766666007237,0.099564889406708,-2.97059202063766,0.00297226344635246,0.0251775369874478
"ENSG00000197702",5698.84165663977,-0.410752512084977,0.137597779408322,-2.98516817532403,0.00283422453809598,0.0243974354055182
"ENSG00000197771",1092.35626190146,-0.450934377421757,0.111010138641479,-4.06210083997919,4.86330592956173e-05,0.000833805726023107
"ENSG00000197860",524.498681282381,-0.795154837726829,0.118163726957167,-6.7292633552009,1.70524173902923e-11,1.50198662179423e-09
"ENSG00000197872",308.973469205315,0.869617573730543,0.148080891772082,5.87258466182801,4.29052465318505e-09,2.15388906413533e-07
"ENSG00000197879",8301.94012446455,-0.533705198259679,0.140826505816438,-3.78980643711591,0.000150764719545657,0.00220792100212
"ENSG00000197905",117.366511874758,-0.848313842607912,0.232159072906078,-3.65401977182734,0.00025816637421571,0.00347934885047061
"ENSG00000197943",21.5351400539333,-1.65166579941752,0.527940819440534,-3.12850557978792,0.00175697675022742,0.0166272949323004
"ENSG00000197948",581.217140911145,-0.280986470030506,0.102637422389393,-2.7376610157305,0.00618778208450678,0.0442456194503882
"ENSG00000197959",58.3883872666255,0.959002294500201,0.2779078282427,3.45079266231642,0.000558942789503736,0.00658298589539096
"ENSG00000198018",247.408579085801,0.816104671308847,0.251332733228248,3.2471085673019,0.00116583908497602,0.012030604882998
"ENSG00000198046",207.158030876311,0.679073039605144,0.171291583865777,3.96442734826519,7.35723489377131e-05,0.00118899313478904
"ENSG00000198105",257.94484324207,0.568447797698525,0.163324320767948,3.48048468853685,0.000500507431115124,0.00603238041976302
"ENSG00000198108",41.0021980058613,-1.43510678673672,0.386734242421898,-3.71083454557696,0.000206577094680697,0.00287152977160865
"ENSG00000198121",7194.37959611104,-0.489598477324232,0.133938597123897,-3.65539499320977,0.000256786300937761,0.00346577589174168
"ENSG00000198176",1746.84513945851,-0.237231648389339,0.0880205460399777,-2.69518492059333,0.00703495765295364,0.0488582541031926
"ENSG00000198189",1215.52727195873,-0.770549138331511,0.127352162336379,-6.05053831984603,1.4436261786033e-09,8.3322337047647e-08
"ENSG00000198203",9.82992246278414,1.49028455686326,0.513138005412167,2.90425682982928,0.00368126043810979,0.0297203411130628
"ENSG00000198246",146.227033622675,0.480950422486908,0.154353105093942,3.1159102513305,0.00183378074126035,0.0172648505959086
"ENSG00000198363",12953.0843102029,0.322929951280084,0.107705427312843,2.99826999750064,0.00271517013452286,0.0236037741365968
"ENSG00000198369",893.767072222282,-0.639267793634312,0.112616288086369,-5.67651273627524,1.37468324608261e-08,6.18607460737176e-07
"ENSG00000198406",1320.09861425094,-0.37639211795964,0.0863739064423241,-4.35770631968551,1.31432580262648e-05,0.000274149776002392
"ENSG00000198416",96.7048415493568,0.7128890345774,0.209055391412419,3.41004855106095,0.000649513158852983,0.00748833874521258
"ENSG00000198431",22734.553343842,-1.54666289782213,0.200515465710409,-7.7134344343088,1.22476289018548e-14,1.67369252309538e-12
"ENSG00000198467",19186.9485096106,-0.751111429540534,0.220551277537704,-3.40560906255521,0.00066016638980806,0.00757759390817837
"ENSG00000198478",187.997396294307,0.459438595935472,0.14206781082152,3.23393873164319,0.00122095645229877,0.012478215438193
"ENSG00000198517",213.164540283321,-0.697146829063144,0.181728076799659,-3.83620869895462,0.000124948240702404,0.0018712031051202
"ENSG00000198521",184.708107255667,0.565878369969181,0.137944394485534,4.10222084108335,4.09203417991226e-05,0.000721541321002556
"ENSG00000198542",3506.9365662968,-1.02052091382144,0.371345210416461,-2.7481730885311,0.00599283632325442,0.0431398883551107
"ENSG00000198551",174.605782562639,0.385244727822601,0.132369553842016,2.9103726396358,0.00360998061887291,0.0292975937998921
"ENSG00000198566",88.8229341421499,0.726748048162439,0.213770018776901,3.39967247194239,0.00067466615363969,0.00772085619790248
"ENSG00000198580",24.9464882217891,0.940937171208457,0.339929736631223,2.76803430183352,0.00563955196841916,0.041086269436719
"ENSG00000198585",1301.9712010075,-0.657512470994406,0.139405455864235,-4.71654761944718,2.398802425713e-06,6.11546544333006e-05
"ENSG00000198624",2057.19173059348,-2.89490811060169,0.250748208552704,-11.545079932219,7.81687699489355e-31,7.64613994474192e-28
"ENSG00000198668",3716.84537397227,-0.428454656425015,0.110184174896826,-3.88853169546543,0.000100852501452312,0.00156065257243231
"ENSG00000198691",38.6475960485459,-1.20919034458853,0.384631503491544,-3.14376314371533,0.00166790380601237,0.0159783465127525
"ENSG00000198728",2096.02571123967,0.53771963315135,0.125474762468984,4.28548038323059,1.82344738489879e-05,0.000362864532571171
"ENSG00000198736",328.120120472856,-0.69005140666319,0.128469829067917,-5.37131100484601,7.8166263675106e-08,2.89964073932504e-06
"ENSG00000198793",1998.41278885656,-0.690052079783419,0.161808916774007,-4.26461095927855,2.00250810563792e-05,0.000392580307418574
"ENSG00000198795",944.867996141796,0.994331666334145,0.126041305748915,7.88893498386109,3.04776241728686e-15,4.60509467685173e-13
"ENSG00000198818",457.983229341353,-0.373347103291493,0.122789314715223,-3.04055042702511,0.00236146143847914,0.0211507281128361
"ENSG00000198832",2076.20430710745,-0.251891224609543,0.072874850180189,-3.45649046257688,0.000547258573536686,0.00646997492950338
"ENSG00000198833",1403.29346711278,-0.429307264577605,0.0793613019900128,-5.40952899980939,6.31907181950131e-08,2.4190827244041e-06
"ENSG00000198846",190.149948692835,0.583724744025934,0.215373510461313,2.71029033596398,0.00672243347498662,0.0472349437174391
"ENSG00000198862",909.054247587905,-0.588390896653867,0.215508637505536,-2.73024275715516,0.00632877034802645,0.0450824825289657
"ENSG00000198873",2935.22973886047,-0.490613673267063,0.139186380617215,-3.5248683893601,0.000423693237904341,0.0052669970142098
"ENSG00000198890",206.568659747998,0.540286882860096,0.138452094179467,3.90233810519149,9.52679566418215e-05,0.00148661206900777
"ENSG00000198909",1404.52796597459,-0.496681496111168,0.173839677258396,-2.85712389682419,0.00427498932843347,0.0333266261195202
"ENSG00000198919",721.011774936742,0.258771141331676,0.0945265303030266,2.73755040518387,0.0061898633613672,0.0442456194503882
"ENSG00000198925",1977.47158742994,-0.387417569161751,0.0772977462713645,-5.01201636334476,5.38626223957403e-07,1.61980070748355e-05
"ENSG00000198932",192.345670951863,0.997477027677103,0.235999096457929,4.22661375678157,2.37234364474205e-05,0.000456042909649945
"ENSG00000198933",461.361398915101,-0.375230182341346,0.122898728616568,-3.05316569638429,0.0022644086770827,0.0204390652081505
"ENSG00000198944",13.8568125191898,1.5546070584081,0.515948935946251,3.01310255744,0.00258591511694878,0.0227553183941729
"ENSG00000198947",1286.0967815914,-1.0079384399249,0.36695643998009,-2.74675228476598,0.00601885752384633,0.0432729079615799
"ENSG00000198952",2477.44195648212,-0.319528769921151,0.114186209080081,-2.79831314565368,0.00513702824043706,0.038357440678394
"ENSG00000198954",727.77926353456,-0.322270184808801,0.0975994697095205,-3.30196655543267,0.000960095170832954,0.0102902933967304
"ENSG00000198960",619.045074637489,0.643822532305604,0.107111595589679,6.01076408918366,1.84650943868441e-09,1.02135053327231e-07
"ENSG00000203485",2510.1013751683,-0.35246009832724,0.120970501543961,-2.91360367882046,0.00357283174437257,0.0290595527217349
"ENSG00000203685",8.003563929771,-2.96340629261493,0.765628542716704,-3.8705535743218,0.00010858848893618,0.0016610017011349
"ENSG00000203709",261.040439301497,-0.70176936683935,0.182772901001586,-3.83957010581814,0.000123249932716024,0.00184725806413492
"ENSG00000203722",56.6008043926081,1.05564570132463,0.24312280913677,4.3420265876032,1.41174443929177e-05,0.000290878829315272
"ENSG00000203727",322.818367541159,1.06494823343861,0.252413649341238,4.21905961194239,2.45323408914468e-05,0.000468104266393777
"ENSG00000203780",78.984170067148,0.681691440022045,0.251927520637222,2.70590302440076,0.00681189349581835,0.0475757386771078
"ENSG00000203943",10.8145298387239,1.42354421724896,0.512488205081225,2.77771118073506,0.00547432537482987,0.0402453865076002
"ENSG00000203965",173.785881457713,0.680163019262329,0.166619409617583,4.08213557366099,4.46237514520815e-05,0.000776528483836081
"ENSG00000204072",347.265172414538,0.569578461088187,0.137259705901389,4.1496406927856,3.32997564298845e-05,0.000604206820551627
"ENSG00000204160",477.775154002317,-0.376909639656708,0.0963757577892198,-3.91083451173515,9.19777780579218e-05,0.00144497633576203
"ENSG00000204172",222.252506811731,0.416384552297908,0.151183808523159,2.75416102005477,0.00588428102649937,0.0425026672668056
"ENSG00000204262",15864.7121204512,-0.365716833293664,0.0945954514041835,-3.86611436242366,0.000110583098666092,0.00168182233118602
"ENSG00000204304",1027.37098776758,0.364882846920424,0.113985102921965,3.20114504059558,0.00136882611189423,0.013669872804704
"ENSG00000204314",122.094783582275,0.552574037207649,0.198280158076792,2.78683476232474,0.00532256112826557,0.0393796953133162
"ENSG00000204366",96.5179348715829,0.907833741727338,0.216508527745452,4.19306228341579,2.75213840835724e-05,0.000514572357337216
"ENSG00000204371",1078.93739014694,0.508025923781356,0.124669394004237,4.07498510632122,4.60172920859996e-05,0.000795564068296095
"ENSG00000204386",945.116659780037,0.402823369826827,0.144309089864496,2.7913929067467,0.00524817217749157,0.0389681501872476
"ENSG00000204406",566.25574900715,0.418072447186685,0.115409478513831,3.62251396133448,0.000291753708873753,0.00386079699906985
"ENSG00000204516",199.156532821204,-0.474231812648365,0.141149697916886,-3.35977915395619,0.000780048008237411,0.00869136225005533
"ENSG00000204560",786.266913949442,-0.270973401014029,0.100742747735976,-2.68975590902273,0.00715042990048872,0.0494569183850327
"ENSG00000204576",210.539705870879,0.555111747894722,0.135143755933947,4.10756489679064,3.99852448676771e-05,0.000708413513694737
"ENSG00000204842",1328.7433333038,-0.391096972758025,0.141247620037746,-2.76887477929548,0.00562502497245059,0.0410237160831385
"ENSG00000204882",3.65168673412496,2.74711679251177,0.998187284430127,2.75210557714138,0.00592134275865652,0.0427205571310681
"ENSG00000204947",123.395437684846,0.452669066876499,0.157155959758895,2.88038116766919,0.0039719465074726,0.031519481571895
"ENSG00000204991",106.748094593208,0.787548197073829,0.20559494533618,3.83058151447286,0.000127840772571946,0.00190837008694749
"ENSG00000205189",423.747998556054,-0.556232536780747,0.205432442098467,-2.70761779930619,0.00677680158793008,0.0474206457647586
"ENSG00000205208",588.221528800905,1.38688551870087,0.196617193325385,7.05373469758411,1.74178330800196e-12,1.89304343738108e-10
"ENSG00000205213",387.918047174661,1.11791395279589,0.210049838467166,5.32213669362395,1.02555460559907e-07,3.69378533818968e-06
"ENSG00000205302",1650.18175842041,0.349894272273425,0.0925210936221227,3.78177838777471,0.000155711956404021,0.00226263229849002
"ENSG00000205352",685.622565486303,-0.468986520679968,0.100120592710458,-4.68421638329936,2.81033001185638e-06,7.06765673482419e-05
"ENSG00000205364",52.2706783791931,-2.50539361204774,0.426670747185011,-5.87196012048457,4.30672359242972e-09,2.15388906413533e-07
"ENSG00000205581",1968.55703624836,0.54637834657879,0.130963180392788,4.17199967914706,3.01938062339046e-05,0.000556146569729551
"ENSG00000205659",148.916025919436,-0.723366654664363,0.151119024996304,-4.78673452718513,1.69516823198032e-06,4.46875199877366e-05
"ENSG00000205683",109.390404341399,0.949821687253638,0.343395800119496,2.76596768779093,0.00567541580312758,0.0412666677234453
"ENSG00000205726",1510.87148724628,-0.440702445021703,0.155383953583644,-2.83621593387036,0.00456515690061569,0.0350303224599268
"ENSG00000205730",1637.3719155321,-0.390345807849782,0.134461441922879,-2.90303154768834,0.00369569406579963,0.0297808051464402
"ENSG00000205765",1150.01592991421,-0.412713555952251,0.0840405374693787,-4.91088667897475,9.06654760828024e-07,2.54534421903155e-05
"ENSG00000205937",975.765220306928,-0.319959139173365,0.0972531725456205,-3.28996094213045,0.00100201290385121,0.0106474613025013
"ENSG00000205978",1601.04659220405,1.16105813153851,0.173163364558554,6.70498713453857,2.01424113180505e-11,1.7330866404906e-09
"ENSG00000206052",193.294554170146,1.12841732044523,0.209886337411831,5.37632575021353,7.60212003272142e-08,2.83137075767791e-06
"ENSG00000206172",11.1292800326444,2.56403886364392,0.642297497168594,3.99198015708738,6.55238567194397e-05,0.00108245411300514
"ENSG00000206190",290.89007583104,-1.28693527881154,0.315850735411177,-4.07450461413743,4.61123990504612e-05,0.000796467412967306
"ENSG00000206527",618.87556344502,-0.617781645414412,0.139587909085384,-4.42575327234486,9.61063215300707e-06,0.000207449011107592
"ENSG00000206530",209.669041407824,0.575559923846676,0.189773460595125,3.03287889698451,0.00242232789319007,0.02160218996878
"ENSG00000206538",12754.9476812811,-1.3435198084354,0.228100217962826,-5.890041756358,3.86098049024481e-09,1.96456922799497e-07
"ENSG00000206560",5239.70521020549,-0.648599244122261,0.136989699557304,-4.73465703055247,2.19425829416796e-06,5.6273118362097e-05
"ENSG00000206561",35.6617406101206,1.06955624978501,0.284347298763759,3.7614433280536,0.000168935700649514,0.00241142088830354
"ENSG00000206573",218.829555035988,0.425422627618395,0.141675293819404,3.00280039059378,0.0026750782570722,0.0233519630848693
"ENSG00000211445",12285.6151498691,-3.74276281324667,0.377114411495451,-9.92474087215259,3.24945655024154e-23,1.31285108665737e-20
"ENSG00000211448",662.631705676874,-1.55148419781024,0.337934921270252,-4.59107390256805,4.40971147149588e-06,0.000103477888507261
"ENSG00000211455",490.802543738132,-0.603044298986354,0.136022338725123,-4.43342104420804,9.27494833493936e-06,0.000201137590204023
"ENSG00000211456",892.688379629511,-0.246397660341415,0.0823164807835939,-2.99329682216594,0.00275981197566924,0.0239007947659892
"ENSG00000211574",10.9422683850042,1.65375539485395,0.564650113124913,2.92881442226525,0.00340257503139917,0.0280429520880504
"ENSG00000213064",1545.81642274519,-0.85043549909781,0.228470890849597,-3.72229256836773,0.000197422079438396,0.0027670357061558
"ENSG00000213073",78.0627788138672,0.683275038223808,0.223657940328993,3.05500013645272,0.0022506041973346,0.0203552969175863
"ENSG00000213160",203.849349957286,-1.63463240625021,0.327258232634778,-4.99493135158031,5.88566996649993e-07,1.74736703398404e-05
"ENSG00000213281",763.624593443169,-0.298052763279698,0.0961432116138111,-3.10009160581112,0.00193460799219379,0.0179325134837514
"ENSG00000213341",543.057493565929,-0.347826512510887,0.121100349504787,-2.8722172473758,0.0040760265289105,0.0321035734917525
"ENSG00000213402",14.3507204461038,-1.59385292329936,0.531619801342904,-2.99810676591276,0.00271662485220235,0.0236037741365968
"ENSG00000213420",15.8714058698091,1.50497217197344,0.473291801418335,3.17979767970504,0.00147377910639625,0.0144768418035805
"ENSG00000213445",594.202624617588,-0.56168049398618,0.174004013752699,-3.22797435457128,0.0012467015040879,0.0126889087916065
"ENSG00000213462",188.59679401903,0.588129771185632,0.146868064223815,4.00447690445058,6.2154862851557e-05,0.00103138225544302
"ENSG00000213493",18.8177450068896,-1.07384192868546,0.374002086701675,-2.87121908371068,0.00408892029045271,0.0321468139798847
"ENSG00000213516",288.403241205131,-0.451444492982713,0.138335215989794,-3.26340975255367,0.00110080237375345,0.0114934899529258
"ENSG00000213625",4073.38327073193,-0.36549906202156,0.111524395549975,-3.27730143901813,0.00104804415398127,0.0110418937651598
"ENSG00000213626",4674.62439177649,-1.39497901128396,0.380007679533423,-3.6709232113328,0.00024167594579257,0.00328810208825396
"ENSG00000213639",3975.42475079048,-1.07132268757846,0.19383627619507,-5.52694628997268,3.25852663568784e-08,1.34577150053908e-06
"ENSG00000213699",982.918225041174,-0.301153671556701,0.0940566254247983,-3.20183368472521,0.00136555815039634,0.0136445689382344
"ENSG00000213713",139.943743473325,-0.42096682787028,0.150327379681734,-2.8003337034247,0.00510498030163908,0.0381714381961409
"ENSG00000213763",32.5539872363626,-1.32798439664095,0.339817845764885,-3.90793012548187,9.3090218263143e-05,0.00145998456238018
"ENSG00000213853",1037.61933813247,-0.717865247497657,0.179189638825557,-4.00617609479367,6.1709649904897e-05,0.00102582633585198
"ENSG00000213918",401.375582649213,0.55567387554681,0.170827419698483,3.25283772668109,0.00114258727236544,0.0118564960675107
"ENSG00000213930",139.699336453713,0.510035789588621,0.170686439571932,2.98814475753171,0.00280676580787843,0.0242156543517681
"ENSG00000213949",1184.14207444393,-0.605966298933315,0.200330909657307,-3.02482677271272,0.00248775569040681,0.0220305259593058
"ENSG00000214174",254.869299787074,0.561339452786662,0.179375309503778,3.12941315245418,0.00175155841167903,0.0166000576649947
"ENSG00000214212",14.5248775502547,1.4203514337422,0.465347507236055,3.0522381911497,0.00227141780161626,0.0204923785645817
"ENSG00000214274",62.0382409575999,-1.12105075108773,0.219442301317864,-5.10863559284258,3.2449349728919e-07,1.02563123250333e-05
"ENSG00000214391",295.745540157452,0.881468129168894,0.290436203486579,3.03498020765729,0.0024055147241369,0.0214935053596559
"ENSG00000214548",9596.98121944925,0.538514822932269,0.095507599873988,5.6384499625452,1.71587663635124e-08,7.59275411585425e-07
"ENSG00000214814",243.276976467197,3.1597165659147,0.47114695193917,6.70643533383753,1.99436165553893e-11,1.72396331945074e-09
"ENSG00000214944",628.403318669593,-1.08556319943832,0.190539009985838,-5.6973278045215,1.21699795990291e-08,5.54360467764596e-07
"ENSG00000215018",6.92764308850206,-2.46347399186092,0.805877647672242,-3.05688338543276,0.00223651267164748,0.0202462679018843
"ENSG00000215251",200.709686853061,-0.581989636947657,0.182655589162786,-3.18626788052446,0.00144121084746257,0.014247289148985
"ENSG00000215386",101.442150576676,1.37516375580923,0.227757315092156,6.03784671088523,1.56184323894676e-09,8.84965140116633e-08
"ENSG00000215481",10.2941445934863,-2.56480260301545,0.69913616320743,-3.66853087851856,0.000243948234511929,0.00331658956723058
"ENSG00000215700",1644.34561114803,-0.415732559763603,0.0813171709330507,-5.11248184108472,3.17953559331981e-07,1.00839025600424e-05
"ENSG00000217416",97.7925362088147,-0.566352836243754,0.174451965649547,-3.24646864330258,0.001168463190551,0.0120443085947811
"ENSG00000218283",1047.59417318797,-0.244155609491191,0.0805821633472669,-3.02989643550532,0.00244637609750942,0.0217540190297668
"ENSG00000219201",685.231941228329,-0.337433863238584,0.110453666693854,-3.05498109151825,0.00225074711679526,0.0203552969175863
"ENSG00000219481",2694.15068831909,0.721221280898808,0.163618767887853,4.4079373668988,1.04359712293475e-05,0.000222933937123475
"ENSG00000219565",5.21234109509684,-3.77919977516586,1.08686367942939,-3.47716079458096,0.000506753811624545,0.00609186260610749
"ENSG00000220563",8.90853749940734,1.51265456009029,0.558667497706448,2.70761153333662,0.00677692952118369,0.0474206457647586
"ENSG00000220785",365.581408404113,0.655328748808776,0.210995608554428,3.10588809548484,0.00189708493865801,0.0176639897720236
"ENSG00000221829",163.677848232901,0.909315518812119,0.222106664698547,4.0940487762773,4.23905073710889e-05,0.000744638543942994
"ENSG00000221869",1963.57429862035,-1.4992533409315,0.161386781473712,-9.28981498509971,1.5455675136845e-20,4.63296326481073e-18
"ENSG00000221926",152.216107047776,0.61881157350477,0.223642586047827,2.7669666338612,0.0056580545751718,0.0411887756676725
"ENSG00000221968",1863.01472747893,-1.00590654718105,0.17814000072092,-5.64671911479857,1.63538694569216e-08,7.28864901335464e-07
"ENSG00000221978",4113.25533173093,-0.285005729673636,0.102554547858913,-2.77906475747644,0.00545156559096823,0.0401256817854038
"ENSG00000221994",23.3886247085434,1.00207429888534,0.342913503237809,2.92223633488824,0.0034752772728016,0.0284481034270427
"ENSG00000222009",309.63387173623,0.656390371382735,0.218828187284906,2.9995695688332,0.00270361373884778,0.0235521974757838
"ENSG00000223401",40.2756670657581,-1.19981905831867,0.301661214463018,-3.97737263126268,6.9680924960758e-05,0.0011399823859117
"ENSG00000223458",6.19633154083578,1.88393827748033,0.695351037676914,2.7093340994706,0.00674184123568063,0.0473176432647751
"ENSG00000223756",491.648624602742,0.549443471816901,0.176971669908757,3.10469733432578,0.00190473822961997,0.0177059762780563
"ENSG00000223764",25.891624639213,1.77091283104128,0.444061591997106,3.9879891955457,6.66356976740842e-05,0.0010969215600291
"ENSG00000223802",6.94701184726597,1.97222363904888,0.691547076623947,2.85190076816903,0.00434586649321153,0.0337517462500361
"ENSG00000223811",5.68502072691573,2.86466041356474,0.926932773707484,3.09047268024289,0.00199838187874379,0.0184683874771026
"ENSG00000223820",12.4711859422635,1.29768831932527,0.470330948047486,2.75909617411409,0.00579614742146926,0.0419639266957562
"ENSG00000223949",17.3541271696118,1.8295168042236,0.460642077380683,3.97166671057636,7.13715275793399e-05,0.00116150598954644
"ENSG00000224080",9.11017068613858,-2.31389863238261,0.614013952629704,-3.76847891236449,0.000164245357595709,0.00235780617038748
"ENSG00000224124",46.2856493652919,-1.54298733745241,0.547868399249715,-2.81634666201861,0.00485732236215271,0.0367562443406385
"ENSG00000224468",32.1259431951263,-1.10413415592081,0.289050722524668,-3.81986298555813,0.000133525825683198,0.00198526197625779
"ENSG00000224470",1123.94486578936,-0.42607576955552,0.135185100870639,-3.15179532959953,0.00162269971833976,0.0156285730310814
"ENSG00000224531",278.494036987163,-0.568918036170619,0.13886777005411,-4.09683280684164,4.18841177467795e-05,0.000737136674549144
"ENSG00000224945",153.113158745856,-0.853687262102652,0.207183281408733,-4.12044474002944,3.78141757544391e-05,0.000675746592688703
"ENSG00000225032",38.9915322033947,-1.02981250870739,0.354471160545069,-2.90520816171295,0.00367008926671433,0.0296430286926926
"ENSG00000225135",146.084149271014,-0.733133742184398,0.230696617663749,-3.17791283465185,0.00148339339625548,0.014548214390189
"ENSG00000225151",424.520620133576,0.73861307422104,0.212324245135382,3.47870340360841,0.000503845902409421,0.00606475135769371
"ENSG00000225217",5.64663020287199,2.42322129127863,0.838684977392441,2.88931047604153,0.00386087663485128,0.0308090992952817
"ENSG00000225313",30.1445623242496,-1.14605481589267,0.315062262346517,-3.63755026500825,0.000275243488811717,0.00366958410298835
"ENSG00000225383",8.27392983923445,-1.91535244879706,0.677211700409964,-2.82829202099959,0.00467970973279401,0.0357763905322816
"ENSG00000225415",565.941906304075,1.44291157832807,0.318811721055516,4.52590505001167,6.01375779261842e-06,0.000135802780772556
"ENSG00000225422",193.385030228808,-0.465248926153764,0.164532482989019,-2.82770257703347,0.0046883342074297,0.0358128611775918
"ENSG00000225697",385.080531038247,-0.90600476861332,0.171456334694574,-5.28417203264751,1.26274548021333e-07,4.47864976140548e-06
"ENSG00000225783",69.7506634426487,1.86106819972242,0.552483247886631,3.36855136665484,0.00075564315206529,0.00847893877109393
"ENSG00000226121",506.828797993144,-1.29968738010023,0.234162178576756,-5.55037277155419,2.85061104646895e-08,1.1905304786208e-06
"ENSG00000226137",476.15536327059,0.580012550495981,0.0977130345936228,5.93587695754395,2.92278944637311e-09,1.53014202424913e-07
"ENSG00000226200",106.751542056556,0.955401376310042,0.252110036062315,3.78962056105491,0.000150877571842475,0.00220792100212
"ENSG00000226328",119.4470931743,-0.791541546945671,0.246276003252942,-3.21404252339074,0.00130880288933039,0.0131921740739028
"ENSG00000226887",6.36701851106736,-2.59372846626052,0.807603753420142,-3.21163498222523,0.00131981951675338,0.0132731849128039
"ENSG00000226950",220.817404767305,-1.14170368437232,0.179089735832877,-6.37503695598578,1.82918837909155e-10,1.25909133427468e-08
"ENSG00000226964",160.2995370514,-0.958464911363995,0.159392807820965,-6.01322559321855,1.81867664565722e-09,1.00895837192655e-07
"ENSG00000227051",4615.74006753287,1.14517028050774,0.125698788271897,9.11043213901671,8.20544771726829e-20,2.3105794822035e-17
"ENSG00000227120",6.17064515852635,1.90620257020987,0.682222367846249,2.79410740551894,0.00520431902456897,0.0387198835354741
"ENSG00000227268",22.4119354700517,1.55384265657028,0.382082222609065,4.06677559076106,4.76681055327163e-05,0.000821048879819771
"ENSG00000228798",7.94988690466728,1.84610828289371,0.616398994201581,2.99498912272718,0.00274454628776797,0.0237907615476529
"ENSG00000228801",35.7068440175938,0.9265474646603,0.310906731328859,2.98014604154791,0.00288110989511828,0.0246299114078994
"ENSG00000229116",12.6065472908665,1.45991340415304,0.476245881185351,3.06546148077836,0.00217334370418678,0.0197610532007394
"ENSG00000229474",19.0881886658064,1.1367855365375,0.382145683524163,2.97474388838838,0.00293233254617964,0.0249416020003426
"ENSG00000229619",487.617557032484,-0.731666424405324,0.243906357170571,-2.9997841503313,0.00270170990885575,0.0235512564052927
"ENSG00000229644",747.114907985817,-1.07701844012588,0.177272029312027,-6.07551255720191,1.23592307472561e-09,7.26887036195427e-08
"ENSG00000229647",5.04419174850558,-2.99119005485261,0.889877453142654,-3.36135053685094,0.000775623217432395,0.00866283503364246
"ENSG00000229927",35.5563171716804,-0.920424339513778,0.282759263897062,-3.25515184481756,0.00113331754736703,0.0117773595444763
"ENSG00000230018",41.5193501253012,-2.41324444598811,0.490872152594394,-4.91623823684732,8.82230265941952e-07,2.48804999886664e-05
"ENSG00000230409",668.485594648685,0.311112719506028,0.0885774161180738,3.51232552427714,0.000444203559213758,0.00549269670524797
"ENSG00000230417",33.4412882154771,1.56969615628163,0.336745958927119,4.66136597832598,3.14117586480941e-06,7.76497534422876e-05
"ENSG00000230606",293.43527619516,0.572725431572358,0.150333949407298,3.80968792365508,0.000139142312344396,0.00205724731497263
"ENSG00000230733",336.306774842239,-0.556335727312822,0.125115134616999,-4.44659016685608,8.72440568163535e-06,0.00019030877886525
"ENSG00000231242",57.3651262403777,0.669181889861007,0.227478802805869,2.94173295096901,0.00326381255200511,0.0271593086146866
"ENSG00000231246",5.97038641402699,-3.52210496105042,0.926778400452896,-3.80037445772285,0.000144477599777802,0.00212598273307241
"ENSG00000231574",40.8592453099379,-1.14199276965121,0.400493396334933,-2.85146466858634,0.00435183222756676,0.0337698546761287
"ENSG00000231991",3051.94432885293,-0.679015545907425,0.105114889782388,-6.4597465431695,1.04878489590793e-10,7.79666691617952e-09
"ENSG00000232871",6.0788253225086,2.51823282731587,0.908697792746082,2.77125447802154,0.00558407666933641,0.0408100923710645
"ENSG00000233117",77.6318352361788,-3.47430430775038,0.429274327094313,-8.09343603487162,5.80047618041445e-16,9.37407389678284e-14
"ENSG00000233280",539.754780383419,0.63974219472175,0.146159793162128,4.37700533697468,1.20321029307223e-05,0.000252959992044653
"ENSG00000233608",2066.01887994261,-0.717153472597962,0.149783711908755,-4.78792696120949,1.68512951521879e-06,4.45492632152792e-05
"ENSG00000233901",103.222407714411,0.94981859306266,0.211464416734782,4.49162373381202,7.06822169607933e-06,0.000157132655767505
"ENSG00000234880",3.79350960435177,-3.33976860543442,1.14900595973459,-2.90665907964992,0.00365311096954197,0.0295444157393114
"ENSG00000235105",139.066459756865,-0.864047587718968,0.274025816898661,-3.15316125136672,0.00161512561916689,0.0155852074933627
"ENSG00000235109",71.4233338911647,1.74168051779404,0.351294967839248,4.95788632699979,7.12642366546499e-07,2.05659291650104e-05
"ENSG00000235386",53.601587063151,0.647392204798747,0.215359093736153,3.0061057258715,0.00264616973582651,0.0231758079831931
"ENSG00000235513",28.1192964289322,2.12347667573446,0.388656751305746,5.46362997323563,4.66495423632066e-08,1.85992419131666e-06
"ENSG00000235649",136.751971855613,1.15605045765428,0.333224866465122,3.46928027886321,0.000521854728364322,0.00623307848756487
"ENSG00000235655",2826.27574278172,0.183903445137589,0.0679136158431141,2.70790242655347,0.00677099259818257,0.0474206457647586
"ENSG00000235734",157.918785772451,0.523008395032273,0.185452323496496,2.82017709550107,0.00479971524397213,0.0364568776878461
"ENSG00000235823",42.5926754777436,0.727591900228073,0.24187490719436,3.00813304144614,0.00262858037271289,0.0230434746353156
"ENSG00000235863",179.41751537828,-0.56160130004822,0.192518077748795,-2.917135401596,0.00353262383060488,0.028871510066751
"ENSG00000235927",33.186640352391,-1.16100591653013,0.299997018547428,-3.8700581830835,0.00010880938186579,0.00166301181083528
"ENSG00000235959",6.17064515852635,1.90620257020987,0.682222367846249,2.79410740551894,0.00520431902456897,0.0387198835354741
"ENSG00000236060",357.022919836385,-0.566226548085557,0.143676042974473,-3.94099486847755,8.1144362300457e-05,0.00129336875930874
"ENSG00000236104",390.995947011023,0.641029318803838,0.110173984544281,5.81833652885811,5.94361469966089e-09,2.90689682087362e-07
"ENSG00000236255",35.9768370624371,0.949783289473702,0.317535630046722,2.99110776744629,0.00277967377079592,0.0240391982458083
"ENSG00000236739",257.057906334442,-0.639193656575528,0.183190611016863,-3.48922716632399,0.000484419286398282,0.00587275436249972
"ENSG00000237037",241.971786326826,0.609515140010697,0.208554718150235,2.92256701462694,0.00347158905538059,0.0284477436482576
"ENSG00000237149",58.7664241792234,0.861793923819941,0.23989504420295,3.59237902009709,0.000327672790768532,0.00422316145383715
"ENSG00000237172",669.109073353776,0.541644679329459,0.15270255648765,3.54705704860459,0.00038956022551874,0.00491178886788723
"ENSG00000237187",531.247305510762,0.466606995407635,0.163977821063264,2.84554943090513,0.0044334877760106,0.0343032349363684
"ENSG00000237234",40.6749718910581,0.856116563989942,0.317929350777452,2.69278870257316,0.00708571592610717,0.0491373248084708
"ENSG00000237697",126.794572516762,-2.02800901858413,0.384586695592165,-5.2732167852596,1.34053057739564e-07,4.69185702088473e-06
"ENSG00000237807",102.135171611274,0.715865453321203,0.225650814969584,3.17244789662159,0.00151159680456401,0.0147858034804327
"ENSG00000237886",15.6776083590321,1.39522377423927,0.482091758382577,2.89410418240764,0.00380241976468619,0.0303948263770722
"ENSG00000237928",7.3201087295603,-3.00834806185602,0.896333059110104,-3.35628372877685,0.00078997479264056,0.00878091000073254
"ENSG00000237984",256.669698756323,0.488391756966498,0.126463548522422,3.86191722969015,0.000112500683940454,0.00170819053188999
"ENSG00000240291",21.4598840837072,-1.14151922471682,0.353809192188602,-3.22636960802398,0.00125371342205282,0.0127393460627947
"ENSG00000240445",668.841159140303,-1.03562153687017,0.186006038133151,-5.56767698115709,2.58157820679565e-08,1.08795081572103e-06
"ENSG00000240498",22.2503098763039,1.1516192985661,0.356868357326727,3.22701431752815,0.0012508920081783,0.0127176301816158
"ENSG00000240764",29.2639528562967,1.29707465815295,0.399589813291473,3.24601532623862,0.00117032538763447,0.012056816701323
"ENSG00000240771",566.041765915687,-0.384003499808348,0.124685255883426,-3.07978274646498,0.00207151640057931,0.0190654257557477
"ENSG00000240809",30.3633369115616,-1.05624579202457,0.326645357603447,-3.23361642049379,0.00122233505074446,0.0124819213835636
"ENSG00000240859",51.3820260361674,-1.2287533388981,0.261044627395715,-4.70706235618266,2.51312052632391e-06,6.38064822154779e-05
"ENSG00000241399",676.966428035184,-1.70163133630766,0.344342317460415,-4.94168520691122,7.74501948704129e-07,2.21107814388114e-05
"ENSG00000241553",888.829683518745,-0.482338959768151,0.154182946588799,-3.12835479175614,0.00175787846775488,0.0166272949323004
"ENSG00000241878",525.773254703068,-0.357725621322417,0.13072150751762,-2.73654755147464,0.00620876210203666,0.0443636461616114
"ENSG00000241990",12.5661325792216,-1.33903144315377,0.480048044336025,-2.78936964529424,0.00528107511832664,0.0391811501293815
"ENSG00000242125",280.413248507973,-0.588294204745158,0.180725834846257,-3.25517491865852,0.00113322547092209,0.0117773595444763
"ENSG00000242265",557.20162755782,0.967505807001354,0.179004627885219,5.40492063491083,6.48370953132572e-08,2.46925700081329e-06
"ENSG00000242539",168.546787363018,-1.03036620083967,0.178167248145046,-5.78314034463199,7.33188442718347e-09,3.51193484740218e-07
"ENSG00000242802",939.442788709261,-0.298883238967333,0.109773263480954,-2.72273256246216,0.00647444459688449,0.0459616320982041
"ENSG00000243244",996.175141904114,-1.43790258095046,0.228572220571581,-6.29080199402516,3.15829979649558e-10,2.09632148992394e-08
"ENSG00000243364",64.1553199325189,0.857296778101577,0.257653325393948,3.32732665798426,0.000876835221435494,0.00954097341357065
"ENSG00000243742",21.2157281322953,2.18631077098657,0.400346397140868,5.46104769919356,4.73332840107052e-08,1.87566968728989e-06
"ENSG00000243943",282.338061032784,0.375359711694619,0.137855188217381,2.72285516815459,0.00647204241152803,0.0459616320982041
"ENSG00000244301",8.08134630097128,-2.15174105334277,0.69666610677345,-3.08862600379453,0.00201084401666242,0.0185743220922818
"ENSG00000244405",492.546448800912,-0.82468787213396,0.241953666148336,-3.40845371455691,0.000653321674939063,0.0075182559311099
"ENSG00000244462",972.049716155961,-0.636407706191337,0.130342273079616,-4.88258867330481,1.04702129910366e-06,2.87853414849726e-05
"ENSG00000244486",797.32948697483,-0.546940164513699,0.185692532713311,-2.94540742442301,0.00322529648966754,0.0268678329271498
"ENSG00000244490",75.2131815907787,-1.15654464791628,0.276970912785848,-4.17568991733985,2.9708427573371e-05,0.00054993140084771
"ENSG00000245812",181.252720139167,-1.62684124706538,0.347329072324973,-4.68386143485061,2.81520358001143e-06,7.07034574790709e-05
"ENSG00000246430",2162.53881470905,-2.06345218245787,0.23592494238572,-8.74622310634827,2.20612706161762e-18,4.88105612382898e-16
"ENSG00000246705",703.577388071484,-0.800134338283547,0.20679611391769,-3.8691942663972,0.000109195613445717,0.00166480760942465
"ENSG00000246763",155.492941305224,1.47707116058933,0.307539157044603,4.80287185145372,1.56405991218424e-06,4.16447757420402e-05
"ENSG00000247311",17.5619513543582,-2.62129128780232,0.475288515408502,-5.51515806257041,3.48466631922952e-08,1.42963628129979e-06
"ENSG00000247746",54.1216986656382,0.985044601750729,0.235795545238437,4.17753694521518,2.94682810000862e-05,0.00054657485268124
"ENSG00000247796",75.4787388730201,0.773460400190404,0.225699931908421,3.42694122080745,0.000610421186998591,0.00709428661880369
"ENSG00000247903",174.54121034294,-0.996871329929735,0.290670346444515,-3.42955978180603,0.00060456123637049,0.0070311455431449
"ENSG00000248144",820.402093833528,-1.1526815705476,0.2255777026187,-5.10990916729041,3.2231373408696e-07,1.02047712913222e-05
"ENSG00000248187",7.68943840135064,-3.57012519912456,0.930791517245619,-3.83557986184619,0.000125268392080709,0.00187297913662105
"ENSG00000249115",161.251027743688,0.640876497787088,0.204504211194338,3.133805871499,0.00172554973119362,0.01642438566584
"ENSG00000249364",8.83906075961539,-5.16523397825877,1.2215084830136,-4.22856987903642,2.35181472553477e-05,0.000452937582114649
"ENSG00000249459",156.675625674318,0.462384257775973,0.169848286761952,2.72233689600897,0.0064822022711378,0.0459991329549813
"ENSG00000249839",171.762790253898,0.811886857867178,0.210484313118371,3.85723214162091,0.000114678239559919,0.00173314792799254
"ENSG00000250657",4.80570736292125,3.37578591803517,1.06750328853556,3.16231898701332,0.00156518009510829,0.0151820835425822
"ENSG00000250899",54.4167701155654,-1.00553919285716,0.266833903351853,-3.76840866256503,0.000164291578727565,0.00235780617038748
"ENSG00000250934",4.8636887657873,-3.19497584420222,0.943879313465449,-3.38494106039031,0.000711935396328804,0.00808266300596874
"ENSG00000250978",56.3181939282226,-6.30020905067165,0.667830114086534,-9.43384989353041,3.95307029495343e-21,1.31192520413767e-18
"ENSG00000251602",48.0087640326935,0.688326311522871,0.24208518626478,2.84332272512543,0.00446458381211919,0.0344720773362007
"ENSG00000251669",31.4585704690068,0.927998412421717,0.316421307811992,2.93279368206488,0.00335927044461927,0.027735247096068
"ENSG00000253139",15.6383435156975,-2.37128815610599,0.66465228517377,-3.5677123347075,0.000360111534827753,0.00457775162433227
"ENSG00000253276",738.223932917866,-1.21722611704854,0.264710341029311,-4.59833232171977,4.25886281398646e-06,0.000100191095440428
"ENSG00000253368",1040.17649034906,-1.96740782779697,0.241514215761548,-8.1461367464159,3.75735213936442e-16,6.40645775321906e-14
"ENSG00000253540",48.7751052551303,1.18102075944108,0.379787524584839,3.10968813610217,0.00187284970755939,0.0175085069491908
"ENSG00000253833",84.9520112257848,-1.16599992410624,0.263850770132209,-4.41916437659812,9.90832657094432e-06,0.000212394751235294
"ENSG00000254004",400.219628034282,0.466682120808707,0.155116470427941,3.00859166999615,0.00262461608058323,0.0230304484691404
"ENSG00000254109",48.2908063916906,-1.01462175392094,0.306176217402448,-3.31384900672179,0.000920211854404403,0.00989707020492235
"ENSG00000254254",68.9071427298762,-1.47704358371588,0.351516173437659,-4.20192211718483,2.64658193695386e-05,0.00049784134917295
"ENSG00000254332",1756.41690158346,-0.889638522278107,0.142225035377631,-6.25514713296412,3.9714131863911e-10,2.5897794410203e-08
"ENSG00000254470",115.961151857703,-0.68895941684022,0.21890559949008,-3.14729005765538,0.00164791398910906,0.0158194635783016
"ENSG00000254701",112.984682440397,0.642620226769455,0.20310679586714,3.16395236321791,0.00155642268298468,0.0151287215289071
"ENSG00000254719",110.977188824885,-0.53393955319806,0.183978697116986,-2.9021814023313,0.00370573885527327,0.0297885625541755
"ENSG00000254726",47.8952364349195,2.01244453087377,0.385467024034194,5.22079556848228,1.7815612036005e-07,6.05307403453662e-06
"ENSG00000254842",11.4564464302267,-2.84469102309534,0.764447933503039,-3.72123580746658,0.000198250204301795,0.00277445786667835
"ENSG00000254851",470.694019019645,-1.16508024265636,0.310066157046883,-3.75752147139424,0.000171604646456776,0.00244201558529799
"ENSG00000254858",125.60185751557,-0.468654255664435,0.166619322040446,-2.8127245383382,0.00491237131788886,0.0370671623804159
"ENSG00000254893",1922.75019231477,-0.406738881091118,0.120475534918609,-3.37611185014371,0.000735180251177281,0.00830092646909463
"ENSG00000254986",647.121878880579,-0.449191252016532,0.127993816577936,-3.50947619210197,0.000448990253198843,0.00553347735789157
"ENSG00000254987",8.69577443873319,-2.46725509073292,0.792760079723111,-3.11223427344457,0.00185677087105084,0.017401959979062
"ENSG00000256223",148.881590104003,0.638349586749252,0.229638072088494,2.7798072895476,0.00543911656280511,0.0400657872848724
"ENSG00000256340",37.9959323339794,1.24065145231431,0.280093072416679,4.42942569628664,9.44843586480931e-06,0.000204661049589139
"ENSG00000256616",43.9115273865743,1.06522703400552,0.336013027439977,3.17019563830991,0.00152336332645396,0.0148774079990261
"ENSG00000256667",53.9191723686946,0.6788259341908,0.243473342507926,2.78809140745543,0.00530195816893638,0.0392890321250728
"ENSG00000258016",41.529262081148,-1.45473048908055,0.353983205000654,-4.10960313520487,3.96339673504818e-05,0.000703531311565142
"ENSG00000258077",3.74275801232525,2.71855904811148,0.964508349125997,2.81859566127649,0.00482342358782555,0.0366040536462792
"ENSG00000258130",52.3864424797083,0.821405609656666,0.231955637595426,3.54121856304846,0.000398283506215409,0.00499804116341214
"ENSG00000258150",47.8768536872143,0.771256918845105,0.24050989718272,3.20675750927275,0.00134240099717677,0.0134620725661024
"ENSG00000258412",6.16993016683887,2.30963176605726,0.859612380637035,2.68682934085437,0.00721337972626405,0.0497996516391595
"ENSG00000258457",8.33145795249569,2.45851079094468,0.693460330843893,3.54527963835054,0.000392196766651975,0.00493833123863615
"ENSG00000259071",30.8958814881518,-0.911775307775005,0.319634448007557,-2.85255645459544,0.00433691081815815,0.033696274061651
"ENSG00000259319",12.058997987706,1.45475665495085,0.511764689033069,2.84262804004606,0.0044743254853883,0.034532948150308
"ENSG00000259426",29.0229328581778,-1.6452268292369,0.435783061594887,-3.77533450523677,0.000159793085647761,0.0023067246976829
"ENSG00000259448",9.61885894492493,-1.92461102165999,0.566311088737863,-3.39850492058945,0.000677552441613007,0.00774911515530937
"ENSG00000259583",69.8436592394447,1.09806688427748,0.301707303143208,3.63951045545714,0.000273156847112983,0.00364699712901924
"ENSG00000259673",141.613694422391,-1.00477462700185,0.353810042328646,-2.83987028855596,0.00451318812745223,0.0347607133645668
"ENSG00000259758",1093.84076904818,-0.726664738091606,0.155166551006588,-4.68312747417292,2.82530685571215e-06,7.07659405841108e-05
"ENSG00000259886",15.9719303125814,-1.5865372283194,0.491638118909023,-3.22704275217721,0.00125076770596767,0.0127176301816158
"ENSG00000259953",53.6807792288565,-0.771850172581428,0.240151334060407,-3.21401576052573,0.00130892488524492,0.0131921740739028
"ENSG00000260230",44.4477529545597,1.07378863564381,0.29190749516911,3.67852368786125,0.000234587906528869,0.00320574723738164
"ENSG00000260396",17.2763061020322,-1.55063927004746,0.549043799957298,-2.82425422191829,0.00473907792252227,0.0361262359270207
"ENSG00000260455",11.6951096018029,2.18444279800148,0.78542763105638,2.78121460415578,0.00541559241936261,0.0399717176782582
"ENSG00000260549",79.2059860286412,-0.915022880886265,0.216701585034562,-4.22250202157187,2.41605231261044e-05,0.000462910641545001
"ENSG00000260630",34.3377708980171,0.826855581686247,0.303050062680902,2.72844550623601,0.00636336030330453,0.045276819003413
"ENSG00000260802",6.72325896535602,-5.53528535543966,1.43420732746334,-3.85947362661284,0.000113631519070095,0.0017211424465507
"ENSG00000260807",9.29051305812544,1.78455490702951,0.635822825110231,2.80668581962298,0.00500540342410139,0.0376468727790062
"ENSG00000260822",146.042912190283,-0.853508556262694,0.286319328323381,-2.98096730409589,0.0028733946930448,0.0246197181871317
"ENSG00000260841",69.3426698658811,-1.21962756963119,0.297264962562472,-4.10282987647723,4.08127350472683e-05,0.000720327332244521
"ENSG00000260852",103.601002768459,0.647633155126055,0.167368300469404,3.86950906061478,0.000109054728723376,0.00166480760942465
"ENSG00000260920",27.9126138076341,0.94591391333881,0.308024434522371,3.0709054455552,0.00213410721937225,0.0194901143351515
"ENSG00000261088",103.109377375334,-0.692259548285884,0.241462004952595,-2.86695022027086,0.00414448196548692,0.0325138021648689
"ENSG00000261121",7.00524593642463,3.11433026124819,0.865163480445514,3.59970148028495,0.000318582706264162,0.00412891185210561
"ENSG00000261143",110.097990094289,-0.720263755837603,0.226104786316498,-3.18553077788186,0.00144488733837156,0.0142608768898755
"ENSG00000261425",22.8004236186549,1.95695284228621,0.55393009371018,3.53285164411036,0.000411103097221523,0.00513809755337055
"ENSG00000261452",4.68292960684825,2.65137019936316,0.913622338296986,2.90204178271887,0.00370739088468116,0.0297889578866405
"ENSG00000261468",33.1837611758353,-2.44411722966181,0.409883582325517,-5.96295469019486,2.47717130155449e-09,1.33291857872332e-07
"ENSG00000261490",64.2624622161011,-1.43951185778671,0.246138514389769,-5.84838119038615,4.96379991174e-09,2.45351652552361e-07
"ENSG00000261589",78.4314530893547,-1.32228768626576,0.363348860712515,-3.63916838399546,0.000273519914315329,0.00364922297742311
"ENSG00000261597",184.825122377444,1.03321886259961,0.175912489898636,5.87348211144624,4.26735098291262e-09,2.14928775114989e-07
"ENSG00000261685",48.4467108124499,-2.32837230538606,0.429696327827348,-5.41864604046977,6.00520747485801e-08,2.3106993979345e-06
"ENSG00000261801",202.707539656251,0.68033823360476,0.157204165503887,4.32773668193887,1.50649421505171e-05,0.000307334741896114
"ENSG00000261827",11.5446252265659,1.87982955450267,0.532743888734419,3.52858023199172,0.000417795276714015,0.00520423942207103
"ENSG00000261888",324.089922179375,0.722593533312056,0.238731737039697,3.02680130539955,0.00247156361892365,0.02193601234847
"ENSG00000263006",266.241786588822,-0.484341662413995,0.152088923918518,-3.18459523504475,0.00144956604981086,0.0142842974738785
"ENSG00000263563",390.053064599323,0.432942166858595,0.12494643831391,3.46502207426585,0.000530187959128086,0.00630828631267316
"ENSG00000263567",4.10400728940201,5.40466703394424,1.59462854112273,3.38929530894949,0.000700725024009349,0.00797976383040059
"ENSG00000264007",8.63789441394685,-1.88549365161591,0.613649093870516,-3.07259257847737,0.00212207997401206,0.019437583202077
"ENSG00000264469",46.7389505975805,-0.818796815024594,0.258459315526957,-3.16799111440499,0.00153496211796916,0.0149749453871164
"ENSG00000264745",9.8084239578092,-1.48676936792744,0.549088972659273,-2.70770210650365,0.00677508048610894,0.0474206457647586
"ENSG00000264868",18.1834296019139,-4.6029716241504,0.927104809670584,-4.96488808615491,6.87406976853541e-07,1.98685204740639e-05
"ENSG00000264885",335.117422913263,-0.980938197144111,0.152759103633986,-6.42147128261802,1.349634770854e-10,9.5736497008861e-09
"ENSG00000266865",52.0453846944368,0.709947203128422,0.222567063275229,3.18981251170346,0.00142365121438896,0.0141037088589652
"ENSG00000267002",52.4500905627634,0.840136626465162,0.247562932700975,3.39362851012894,0.000689731880380206,0.00786904051372998
"ENSG00000267121",51.6612977706032,0.972554760035251,0.284362258751944,3.42012601919734,0.000625921327647362,0.00724781799023441
"ENSG00000267339",26.2335725682209,4.52747220176233,0.806933980103286,5.61070956657795,2.01498693174191e-08,8.77014803897506e-07
"ENSG00000267480",24.2620606813702,-2.38792607366782,0.50239462925555,-4.75308837836554,2.00332724708307e-06,5.21454298137799e-05
"ENSG00000267528",18.3335154026563,2.10561955091598,0.627346105561894,3.35639216095881,0.000789665098038333,0.00878091000073254
"ENSG00000267669",85.6670548870006,-1.48704481441029,0.281175807973626,-5.28866556880232,1.23211930462845e-07,4.37838188843589e-06
"ENSG00000267683",6.11948604966171,2.49791660134847,0.73064247489163,3.41879467343992,0.000628991704981994,0.00727883613766523
"ENSG00000267745",32.9913422573618,-0.939957360269641,0.343872768595135,-2.73344517540532,0.00626755565838321,0.0447321512715253
"ENSG00000268894",6.6287563451744,-4.1646609664418,1.20614339991182,-3.4528738181101,0.000554648384788013,0.00653655055883653
"ENSG00000268913",72.8570574700598,-2.594013942388,0.401844338938992,-6.45527058869882,1.08025709948434e-10,7.96689610869702e-09
"ENSG00000269289",8.28387852259141,-3.20308482971759,0.798126580893646,-4.01325417095013,5.9887367437093e-05,0.000998212308357286
"ENSG00000269728",301.775258068101,-1.12697735219814,0.237937941374613,-4.73643398647301,2.17511546602681e-06,5.60672967213708e-05
"ENSG00000269958",138.012600394973,-0.488299414920934,0.181874265675546,-2.68481861965031,0.0072569176867471,0.049984772856958
"ENSG00000269959",10.9948155207941,1.66020679651404,0.569628613766096,2.91454248679256,0.00356210318900961,0.0290136998649393
"ENSG00000270093",11.0490039239026,2.03325900892885,0.603198798730439,3.37079419456451,0.000749518289598697,0.00842188477157907
"ENSG00000270504",407.83821157538,-0.751764949434252,0.165722298785064,-4.53629327462603,5.72515534427369e-06,0.00013068202485964
"ENSG00000270605",13.9099420737003,1.59254274038014,0.520923272358078,3.05715414320257,0.00223449337068577,0.0202378456599391
"ENSG00000270689",4.50365363924205,-4.17710295975698,1.25036657573649,-3.34070267137187,0.000835666634982347,0.00918986059831179
"ENSG00000271930",24.8813697517867,1.01346294082856,0.337290432767246,3.00471890801574,0.00265826392112028,0.0232379280216465
"ENSG00000272168",89.1273208266447,1.61600649457848,0.44801109002121,3.60706806276151,0.000309676449744377,0.0040388328550872
"ENSG00000272325",360.441174756182,-0.397199781280411,0.146689812458563,-2.70775301040494,0.00677404149105747,0.0474206457647586
"ENSG00000272341",64.565342574033,1.4838045320123,0.363010667304177,4.08749567342323,4.3605480593686e-05,0.000763636014832713
"ENSG00000272349",13.4244384857169,-1.33348904244084,0.452167627355378,-2.94910330100389,0.00318697430452444,0.0265843435590605
"ENSG00000272356",22.9138032440381,-1.10797974741252,0.392665071223564,-2.82169163648805,0.00477710864944697,0.0363267447831309
"ENSG00000272384",4.6175075853947,2.35358581787037,0.846746372521777,2.77956409882328,0.00544319098275895,0.0400799145858063
"ENSG00000272430",47.2544978861782,-0.978454845018024,0.231072382971087,-4.23440842404976,2.29154140691804e-05,0.000443628094245539
"ENSG00000272565",296.418896051315,-0.805814368132196,0.207829817325332,-3.87727987496035,0.000105630823517754,0.00162646963966649
"ENSG00000272744",10.1516046733907,-1.65741275009701,0.570193012214524,-2.906757386696,0.00365196319145188,0.0295444157393114
"ENSG00000272796",17.6402301824212,1.66342249350818,0.494579877559676,3.36330402626918,0.000770154957747742,0.00860693318685615
"ENSG00000272841",114.903469824879,2.05357726897901,0.520276246562358,3.94709019015896,7.91067630811107e-05,0.00126558715124848
"ENSG00000272870",130.636185365714,-1.05388557104664,0.196995557303905,-5.34979359671962,8.80546008710821e-08,3.22144637241941e-06
"ENSG00000273038",87.5256011745019,-0.910406673958389,0.276454150357558,-3.29315610845739,0.000990694517751396,0.0105573724841799
"ENSG00000273117",6.6022063661777,2.21444314503812,0.824524303701244,2.68572210072839,0.00723732560343814,0.0499149379510646
"ENSG00000273131",388.014459479745,-0.699721657192927,0.122642972053187,-5.7053547013642,1.16101060073477e-08,5.31462611198416e-07
"ENSG00000273162",9.98620555547256,1.66996481275731,0.58253938316678,2.86669856324409,0.00414777870770897,0.0325237465972068
"ENSG00000273179",167.919940702057,1.40774107513564,0.458353705907577,3.07129855609698,0.00213129923814405,0.0194875458441167
"ENSG00000273259",8.86066459293051,-3.85931342484325,1.07004145278033,-3.6066952498106,0.000310121524908667,0.0040418012204962
"ENSG00000273290",166.795928298126,-0.527672705147198,0.137565627289474,-3.8357888925032,0.000125161885416692,0.00187289343032949
